document_id,source,category,title,url,local_path,text_path,file_hash,content_type,status
95a61c5724440f7b,DRDO,india,95a61c572444_CeptamCorrigendu1_30122026,https://www.drdo.gov.in/drdo/sites/default/files/vacancy/CeptamCorrigendu1_30122026.pdf,data\raw\india\DRDO\95a61c572444_CeptamCorrigendu1_30122026.pdf,data\extracted\india\DRDO\95a61c572444_CeptamCorrigendu1_30122026.txt,95a61c5724440f7b4876247dcf529d66ff31e2adef97913de16882ad76a865a1,application/pdf,extracted
b7aaac66b201d9f5,DRDO,india,b7aaac66b201_advtSSPL_30072026,https://www.drdo.gov.in/drdo/sites/default/files/vacancy/advtSSPL_30072026.pdf,data\raw\india\DRDO\b7aaac66b201_advtSSPL_30072026.pdf,data\extracted\india\DRDO\b7aaac66b201_advtSSPL_30072026.txt,b7aaac66b201d9f5e80fdfaebd07a2b9bd06c6f6bdf5c5dacee2e5b81d780452,application/pdf,extracted
e8d28a2ae6e23d39,DRDO,india,e8d28a2ae6e2_advtDRL11082026,https://www.drdo.gov.in/drdo/sites/default/files/vacancy/advtDRL11082026.pdf,data\raw\india\DRDO\e8d28a2ae6e2_advtDRL11082026.pdf,data\extracted\india\DRDO\e8d28a2ae6e2_advtDRL11082026.txt,e8d28a2ae6e23d39d773c9cd8bacee31bc2557c4f74c29316420350b5995f70c,application/pdf,extracted
8758ebe565ac547b,DRDO,india,8758ebe565ac_SRM_bookingAF,https://www.drdo.gov.in/drdo/sites/default/files/form_formats/SRM_bookingAF.pdf,data\raw\india\DRDO\8758ebe565ac_SRM_bookingAF.pdf,data\extracted\india\DRDO\8758ebe565ac_SRM_bookingAF.txt,8758ebe565ac547b160d92e99e35973d61fe0e7619db3541e7a90eb9419ab4a7,application/pdf,extracted
09f0ea106756cd13,DRDO,india,09f0ea106756_Systems-and-Subsystems-for_Industry_to_Design_Development_and_Manufacture1,https://www.drdo.gov.in/drdo/sites/default/files/schemes_services/Systems-and-Subsystems-for_Industry_to_Design_Development_and_Manufacture1.pdf,data\raw\india\DRDO\09f0ea106756_Systems-and-Subsystems-for_Industry_to_Design_Development_and_Manufacture1.pdf,data\extracted\india\DRDO\09f0ea106756_Systems-and-Subsystems-for_Industry_to_Design_Development_and_Manufacture1.txt,09f0ea106756cd1394a73a817718f4fb7dd335333846171b54d2c47fbb8f8cf2,application/pdf,extracted
6b83fcaefddd889f,DRDO,india,6b83fcaefddd_AdditionalFAQ_1,https://www.drdo.gov.in/drdo/sites/default/files/vacancy/AdditionalFAQ_1.pdf,data\raw\india\DRDO\6b83fcaefddd_AdditionalFAQ_1.pdf,data\extracted\india\DRDO\6b83fcaefddd_AdditionalFAQ_1.txt,6b83fcaefddd889f38d74e384bd8c8cae6f489192d39265a9b1ef12acaecdab7,application/pdf,extracted
04cbf0da5f23b3f2,DRDO,india,04cbf0da5f23_SLoSaSfItDDaMP,https://www.drdo.gov.in/drdo/sites/default/files/schemes_services/SLoSaSfItDDaMP.pdf,data\raw\india\DRDO\04cbf0da5f23_SLoSaSfItDDaMP.pdf,data\extracted\india\DRDO\04cbf0da5f23_SLoSaSfItDDaMP.txt,04cbf0da5f23b3f21fa613700c787072d89e5c48715d8c949dc31fc9452cd12a,application/pdf,extracted
38c3458081d70f46,DRDO,india,38c3458081d7_shortadvtC11_04122025,https://www.drdo.gov.in/drdo/sites/default/files/vacancy/shortadvtC11_04122025.pdf,data\raw\india\DRDO\38c3458081d7_shortadvtC11_04122025.pdf,data\extracted\india\DRDO\38c3458081d7_shortadvtC11_04122025.txt,38c3458081d70f461f984d77099cd557ba4208c39b8e92a766369750ce3800ed,application/pdf,extracted
b4007cb0a14bd2eb,DRDO,india,b4007cb0a14b_GuidelinesforinformationseekersHindiEng_0,https://www.drdo.gov.in/drdo/sites/default/files/Basic-PDF/GuidelinesforinformationseekersHindiEng_0.pdf,data\raw\india\DRDO\b4007cb0a14b_GuidelinesforinformationseekersHindiEng_0.pdf,,b4007cb0a14bd2ebc5d6cb37380c9e9a4a4e7fe9d2d34f0bdd0e9ccfab206966,application/pdf,no_text
1c41ba467623927c,DRDO,india,1c41ba467623_CEPTAM-11_AdvtHindi,https://www.drdo.gov.in/drdo/sites/default/files/vacancy/CEPTAM-11_AdvtHindi.pdf,data\raw\india\DRDO\1c41ba467623_CEPTAM-11_AdvtHindi.pdf,data\extracted\india\DRDO\1c41ba467623_CEPTAM-11_AdvtHindi.txt,1c41ba467623927c8e0659e294452d24b02f752eb32584bd59197341e43051e9,application/pdf,extracted
2c6bfeaadb7676e5,DRDO,india,2c6bfeaadb76_Exemption-RTI-Act-2005_3,https://www.drdo.gov.in/drdo/sites/default/files/Basic-PDF/Exemption-RTI-Act-2005_3.pdf,data\raw\india\DRDO\2c6bfeaadb76_Exemption-RTI-Act-2005_3.pdf,data\extracted\india\DRDO\2c6bfeaadb76_Exemption-RTI-Act-2005_3.txt,2c6bfeaadb7676e579c82f6d383982a2ee2514d1381f8a4d470aa1634d88b019,application/pdf,extracted
04c65ecc90c4d401,DRDO,india,04c65ecc90c4_advtDGRE31072026,https://www.drdo.gov.in/drdo/sites/default/files/vacancy/advtDGRE31072026.pdf,data\raw\india\DRDO\04c65ecc90c4_advtDGRE31072026.pdf,data\extracted\india\DRDO\04c65ecc90c4_advtDGRE31072026.txt,04c65ecc90c4d401786d21ac8517d657faced2a9aa38a78cede2ab3b97a1d257,application/pdf,extracted
6bc4f99e95c2aa78,DRDO,india,6bc4f99e95c2_Support-to-Indian-Industry_1_0,https://www.drdo.gov.in/drdo/sites/default/files/schemes_services/Support-to-Indian-Industry_1_0.pdf,data\raw\india\DRDO\6bc4f99e95c2_Support-to-Indian-Industry_1_0.pdf,data\extracted\india\DRDO\6bc4f99e95c2_Support-to-Indian-Industry_1_0.txt,6bc4f99e95c2aa782c111a4111b9257aa0a30c0263e1b35037da5c6f538d0212,application/pdf,extracted
d1856faf7acf3164,DRDO,india,d1856faf7acf_RTI_Officials_at_DRDO_HQ_12_06_2026,https://www.drdo.gov.in/drdo/sites/default/files/Basic-PDF/RTI_Officials_at_DRDO_HQ_12_06_2026.pdf,data\raw\india\DRDO\d1856faf7acf_RTI_Officials_at_DRDO_HQ_12_06_2026.pdf,data\extracted\india\DRDO\d1856faf7acf_RTI_Officials_at_DRDO_HQ_12_06_2026.txt,d1856faf7acf31641d338db1f3f88a0f1db3a8cb439620c15f339f5f6910bc97,application/pdf,extracted
3795c926a8077764,DRDO,india,3795c926a807_Frequently-Asked-Questions-English_1,https://www.drdo.gov.in/drdo/sites/default/files/Basic-PDF/Frequently-Asked-Questions-English_1.pdf,data\raw\india\DRDO\3795c926a807_Frequently-Asked-Questions-English_1.pdf,data\extracted\india\DRDO\3795c926a807_Frequently-Asked-Questions-English_1.txt,3795c926a8077764b98f24a7a6843266ce1b3392f1512f8babc930f856c06cfc,application/pdf,extracted
88ea6b01b402e1da,DRDO,india,88ea6b01b402_IIGs,https://www.drdo.gov.in/drdo/sites/default/files/schemes_services/IIGs.pdf,data\raw\india\DRDO\88ea6b01b402_IIGs.pdf,data\extracted\india\DRDO\88ea6b01b402_IIGs.txt,88ea6b01b402e1da39df5507b46fa98a8c8b4e14766af1a80a43765fafd52e03,application/pdf,extracted
043d7e74b41239a9,DRDO,india,043d7e74b412_CEPTAM-11_AdvtEnglish,https://www.drdo.gov.in/drdo/sites/default/files/vacancy/CEPTAM-11_AdvtEnglish.pdf,data\raw\india\DRDO\043d7e74b412_CEPTAM-11_AdvtEnglish.pdf,data\extracted\india\DRDO\043d7e74b412_CEPTAM-11_AdvtEnglish.txt,043d7e74b41239a9df59a49ea70023209645978c5042155b21b2b1f31ac33a59,application/pdf,extracted
6899464b6c3fd0c8,DRDO,india,6899464b6c3f_C_CATbookingAF_new_compressed,https://www.drdo.gov.in/drdo/sites/default/files/form_formats/C_CATbookingAF_new_compressed.pdf,data\raw\india\DRDO\6899464b6c3f_C_CATbookingAF_new_compressed.pdf,data\extracted\india\DRDO\6899464b6c3f_C_CATbookingAF_new_compressed.txt,6899464b6c3fd0c877691bf5e871e1fa53f9cdfa2242bd542de22fca77af0cb5,application/pdf,extracted
3c37f92d6ddd5f9f,DRDO,india,3c37f92d6ddd_advtHEMRL10082026,https://www.drdo.gov.in/drdo/sites/default/files/vacancy/advtHEMRL10082026.pdf,data\raw\india\DRDO\3c37f92d6ddd_advtHEMRL10082026.pdf,data\extracted\india\DRDO\3c37f92d6ddd_advtHEMRL10082026.txt,3c37f92d6ddd5f9f2f0f248d289b8239380be160064fae3654210e649f8dc007,application/pdf,extracted
a08e54b6ccdc7533,DRDO,india,a08e54b6ccdc_ListOfTestFacilities25042022,https://www.drdo.gov.in/drdo/sites/default/files/schemes_services/ListOfTestFacilities25042022.pdf,data\raw\india\DRDO\a08e54b6ccdc_ListOfTestFacilities25042022.pdf,data\extracted\india\DRDO\a08e54b6ccdc_ListOfTestFacilities25042022.txt,a08e54b6ccdc75332c3299aac82e8c67fd5b8ff2ae73031b1589aca99bb66a28,application/pdf,extracted
ecb1414d26625e47,DRDO,india,ecb1414d2662_Public_Authorities_under_DRDO_12_06_2026,https://www.drdo.gov.in/drdo/sites/default/files/Basic-PDF/Public_Authorities_under_DRDO_12_06_2026.pdf,data\raw\india\DRDO\ecb1414d2662_Public_Authorities_under_DRDO_12_06_2026.pdf,data\extracted\india\DRDO\ecb1414d2662_Public_Authorities_under_DRDO_12_06_2026.txt,ecb1414d26625e4786c400e51e6cb608df77d65f41e09ea777ef933637020361,application/pdf,extracted
e9ce3ded47c5686e,DRDO,india,e9ce3ded47c5_NL_Aug2026,https://www.drdo.gov.in/drdo/sites/default/files/publication-document/NL_Aug2026.pdf,data\raw\india\DRDO\e9ce3ded47c5_NL_Aug2026.pdf,data\extracted\india\DRDO\e9ce3ded47c5_NL_Aug2026.txt,e9ce3ded47c5686e53c04184886573d87babee230a447f68013253426c8809f4,application/pdf,extracted
87f55d5abe6dd879,DRDO,india,87f55d5abe6d_TrainingCalenderDTTC07012026,https://www.drdo.gov.in/drdo/sites/default/files/announcement/TrainingCalenderDTTC07012026.pdf,data\raw\india\DRDO\87f55d5abe6d_TrainingCalenderDTTC07012026.pdf,data\extracted\india\DRDO\87f55d5abe6d_TrainingCalenderDTTC07012026.txt,87f55d5abe6dd879bbbfceb672df4c5acb46945ec7c7a3de03d6e4d820c3c62d,application/pdf,extracted
faac8a067be8d5eb,DRDO,india,faac8a067be8_advtDRDL0708026,https://www.drdo.gov.in/drdo/sites/default/files/vacancy/advtDRDL0708026.pdf,data\raw\india\DRDO\faac8a067be8_advtDRDL0708026.pdf,data\extracted\india\DRDO\faac8a067be8_advtDRDL0708026.txt,faac8a067be8d5eb73c8ac669cf3a9c61049533d8177cbc83487ca25802ef3c8,application/pdf,extracted
a41ca341d94cab03,DRDO,india,a41ca341d94c_RTI-Act-2005-Eng-and-Hindi_2,https://www.drdo.gov.in/drdo/sites/default/files/Basic-PDF/RTI-Act-2005-Eng-and-Hindi_2.pdf,data\raw\india\DRDO\a41ca341d94c_RTI-Act-2005-Eng-and-Hindi_2.pdf,data\extracted\india\DRDO\a41ca341d94c_RTI-Act-2005-Eng-and-Hindi_2.txt,a41ca341d94cab033a871a621e2beeb61d56e15e72618d419b3fddcb3926d345,application/pdf,extracted
45bc37b7e5c2a8a1,DRDO,india,45bc37b7e5c2_UNMESH2027_15052026,https://www.drdo.gov.in/drdo/sites/default/files/announcement/UNMESH2027_15052026.pdf,data\raw\india\DRDO\45bc37b7e5c2_UNMESH2027_15052026.pdf,data\extracted\india\DRDO\45bc37b7e5c2_UNMESH2027_15052026.txt,45bc37b7e5c2a8a1104e14a0b9e5bfed1105e95db61f430d46ae9bb3fe3acfc6,application/pdf,extracted
62e9052b11d66570,DRDO,india,62e9052b11d6_Important-decisions-Court-Orders_1,https://www.drdo.gov.in/drdo/sites/default/files/Basic-PDF/Important-decisions-Court-Orders_1.pdf,data\raw\india\DRDO\62e9052b11d6_Important-decisions-Court-Orders_1.pdf,data\extracted\india\DRDO\62e9052b11d6_Important-decisions-Court-Orders_1.txt,62e9052b11d665709b51c3f38657840afb7c4e2ca159b4adf878824e6f5b8052,application/pdf,extracted
126fa647104f5af3,DRDO,india,126fa647104f_Helpline15122025,https://www.drdo.gov.in/drdo/sites/default/files/vacancy/Helpline15122025.pdf,data\raw\india\DRDO\126fa647104f_Helpline15122025.pdf,data\extracted\india\DRDO\126fa647104f_Helpline15122025.txt,126fa647104f5af3add763558c027d1ee9d94923e8518cd193c66c067fe6f6da,application/pdf,extracted
0370347393226053,DRDO,india,037034739322_CompendiumProductforExport2025,https://www.drdo.gov.in/drdo/sites/default/files/schemes_services/CompendiumProductforExport2025.pdf,data\raw\india\DRDO\037034739322_CompendiumProductforExport2025.pdf,data\extracted\india\DRDO\037034739322_CompendiumProductforExport2025.txt,0370347393226053444f700a79a43abdc0518ba08568f6046db497c9b2cc001d,application/pdf,extracted
8e2295ba9fd72a9c,DRDO,india,8e2295ba9fd7_advtDYSLQT31072026,https://www.drdo.gov.in/drdo/sites/default/files/vacancy/advtDYSLQT31072026.pdf,data\raw\india\DRDO\8e2295ba9fd7_advtDYSLQT31072026.pdf,data\extracted\india\DRDO\8e2295ba9fd7_advtDYSLQT31072026.txt,8e2295ba9fd72a9caaf38e5043d784e34440f9a0d2cd220036de42b938f509a8,application/pdf,extracted
d979edb96ac75d9a,DRDO,india,d979edb96ac7_advtSSPL_APP30072026,https://www.drdo.gov.in/drdo/sites/default/files/vacancy/advtSSPL_APP30072026.pdf,data\raw\india\DRDO\d979edb96ac7_advtSSPL_APP30072026.pdf,data\extracted\india\DRDO\d979edb96ac7_advtSSPL_APP30072026.txt,d979edb96ac75d9a9287e033ee2cda85b50ed14ef8fc865ce6273b3d47bb1e2e,application/pdf,extracted
bb3051cecedd5091,DRDO,india,bb3051cecedd_English_notification_refund_amount_for_c11_23072026,https://www.drdo.gov.in/drdo/sites/default/files/announcement/English_notification_refund_amount_for_c11_23072026.pdf,data\raw\india\DRDO\bb3051cecedd_English_notification_refund_amount_for_c11_23072026.pdf,data\extracted\india\DRDO\bb3051cecedd_English_notification_refund_amount_for_c11_23072026.txt,bb3051cecedd5091c15f64571cf9800ea4721a6ac7902b397d306b1cc6e59a19,application/pdf,extracted
f215cd4bc5196f13,DRDO,india,f215cd4bc519_advtARDE21072026,https://www.drdo.gov.in/drdo/sites/default/files/vacancy/advtARDE21072026.pdf,data\raw\india\DRDO\f215cd4bc519_advtARDE21072026.pdf,data\extracted\india\DRDO\f215cd4bc519_advtARDE21072026.txt,f215cd4bc5196f13123cad29bb420bea5920e8dbd4c2bf6c6d951289ae989a7e,application/pdf,extracted
93433710a62db347,DRDO,india,93433710a62d_advtRAC11082026,https://www.drdo.gov.in/drdo/sites/default/files/vacancy/advtRAC11082026.pdf,data\raw\india\DRDO\93433710a62d_advtRAC11082026.pdf,data\extracted\india\DRDO\93433710a62d_advtRAC11082026.txt,93433710a62db3475ffeaa2a63d5e643e47816d45e46b71cb41a825f73b5ff6c,application/pdf,extracted
ffe639165dfff560,DRDO,india,ffe639165dff_CEPTAM_RecruitmentAdvisory,https://www.drdo.gov.in/drdo/sites/default/files/vacancy/CEPTAM_RecruitmentAdvisory.pdf,data\raw\india\DRDO\ffe639165dff_CEPTAM_RecruitmentAdvisory.pdf,data\extracted\india\DRDO\ffe639165dff_CEPTAM_RecruitmentAdvisory.txt,ffe639165dfff5606ca1d84b180dbf3e6f9d5630ce5370bb61bff29d7c62cf94,application/pdf,extracted
006658ffa176cd20,DRDO,india,006658ffa176_CEPTAM_11_T2_Syllabus,https://www.drdo.gov.in/drdo/sites/default/files/vacancy/CEPTAM_11_T2_Syllabus.pdf,data\raw\india\DRDO\006658ffa176_CEPTAM_11_T2_Syllabus.pdf,data\extracted\india\DRDO\006658ffa176_CEPTAM_11_T2_Syllabus.txt,006658ffa176cd206a6cb87e3bedf603242ca50e6861fb4cd0c898ad05df8644,application/pdf,extracted
25d5905619b52189,DRDO,india,25d5905619b5_advtDYSLAI27072026,https://www.drdo.gov.in/drdo/sites/default/files/vacancy/advtDYSLAI27072026.pdf,data\raw\india\DRDO\25d5905619b5_advtDYSLAI27072026.pdf,data\extracted\india\DRDO\25d5905619b5_advtDYSLAI27072026.txt,25d5905619b521892d54d808ee24cf44bc4dd7e2efe65c67990778628ec7e285,application/pdf,extracted
36139a895041ca33,DRDO,india,36139a895041_TECHMA_Brouchure06082026,https://www.drdo.gov.in/drdo/sites/default/files/announcement/TECHMA_Brouchure06082026.pdf,data\raw\india\DRDO\36139a895041_TECHMA_Brouchure06082026.pdf,data\extracted\india\DRDO\36139a895041_TECHMA_Brouchure06082026.txt,36139a895041ca33b85a9caa8537f08b754e7bfe873a627b98a7500146485bf7,application/pdf,extracted
2d1d1bf1c617a511,DRDO,india,2d1d1bf1c617_SCC_BookingAF,https://www.drdo.gov.in/drdo/sites/default/files/form_formats/SCC_BookingAF.pdf,data\raw\india\DRDO\2d1d1bf1c617_SCC_BookingAF.pdf,data\extracted\india\DRDO\2d1d1bf1c617_SCC_BookingAF.txt,2d1d1bf1c617a511d92e7a8d0ed0ec68a9bc77b89721d07fb8d4eab4dc8ac8d3,application/pdf,extracted
e68f2dda19e10d1f,DRDO,india,e68f2dda19e1_POC_IIG09Jan2026,https://www.drdo.gov.in/drdo/sites/default/files/schemes_services/POC_IIG09Jan2026.pdf,data\raw\india\DRDO\e68f2dda19e1_POC_IIG09Jan2026.pdf,data\extracted\india\DRDO\e68f2dda19e1_POC_IIG09Jan2026.txt,e68f2dda19e10d1f96d248f01ac75e5cae920050bf496d7ed522651f65f2cf2e,application/pdf,extracted
25fdb0e49cc3c44b,DRDO,india,25fdb0e49cc3_advtSSPL23072026,https://www.drdo.gov.in/drdo/sites/default/files/vacancy/advtSSPL23072026.pdf,data\raw\india\DRDO\25fdb0e49cc3_advtSSPL23072026.pdf,data\extracted\india\DRDO\25fdb0e49cc3_advtSSPL23072026.txt,25fdb0e49cc3c44b2686d97d41034f66e0e13bedd3797af216c164daa9c9dcba,application/pdf,extracted
dc1a91789462681a,DRDO,india,dc1a91789462_suomotto_1,https://www.drdo.gov.in/drdo/sites/default/files/Basic-PDF/suomotto_1.pdf,data\raw\india\DRDO\dc1a91789462_suomotto_1.pdf,data\extracted\india\DRDO\dc1a91789462_suomotto_1.txt,dc1a91789462681ad03168d25ddc8fe162de1e1fc41cfdd70093f49e26c72670,application/pdf,extracted
87b49579140e0208,DRDO,india,87b49579140e_CEPTAM11ExamNormalization,https://www.drdo.gov.in/drdo/sites/default/files/vacancy/CEPTAM11ExamNormalization.pdf,data\raw\india\DRDO\87b49579140e_CEPTAM11ExamNormalization.pdf,data\extracted\india\DRDO\87b49579140e_CEPTAM11ExamNormalization.txt,87b49579140e02088f40e21a626b584658758cc1daffd7f1311c9e1bbd08ddb4,application/pdf,extracted
df5dbc69d9697d6c,DRDO,india,df5dbc69d969_CEPTAM_FAQ,https://www.drdo.gov.in/drdo/sites/default/files/vacancy/CEPTAM_FAQ.pdf,data\raw\india\DRDO\df5dbc69d969_CEPTAM_FAQ.pdf,data\extracted\india\DRDO\df5dbc69d969_CEPTAM_FAQ.txt,df5dbc69d9697d6cd62a6dcceebfd7e10483455eafa75466ac29a38934bf2d2e,application/pdf,extracted
76e68fa0e05839f2,DRDO,india,76e68fa0e058_advtADA06082026,https://www.drdo.gov.in/drdo/sites/default/files/vacancy/advtADA06082026.pdf,data\raw\india\DRDO\76e68fa0e058_advtADA06082026.pdf,data\extracted\india\DRDO\76e68fa0e058_advtADA06082026.txt,76e68fa0e05839f2bce8300186b6d2ec81e2e785cfa771ae8a1bbc6da7727203,application/pdf,extracted
8f4360983cda2689,DRDO,india,8f4360983cda_How-to-submit-RTI-Form-and-Fee_1_2,https://www.drdo.gov.in/drdo/sites/default/files/Basic-PDF/How-to-submit-RTI-Form-and-Fee_1_2.pdf,data\raw\india\DRDO\8f4360983cda_How-to-submit-RTI-Form-and-Fee_1_2.pdf,,8f4360983cda2689f42901e5c7126fadab74ad75bae500a86186822ba9ae0763,application/pdf,no_text
d1856faf7acf3164,DRDO,india,d1856faf7acf_RTI_Officials_at_DRDO_HQ_12_06_2026_0,https://www.drdo.gov.in/drdo/sites/default/files/Basic-PDF/RTI_Officials_at_DRDO_HQ_12_06_2026_0.pdf,data\raw\india\DRDO\d1856faf7acf_RTI_Officials_at_DRDO_HQ_12_06_2026_0.pdf,data\extracted\india\DRDO\d1856faf7acf_RTI_Officials_at_DRDO_HQ_12_06_2026_0.txt,d1856faf7acf31641d338db1f3f88a0f1db3a8cb439620c15f339f5f6910bc97,application/pdf,extracted
ecb1414d26625e47,DRDO,india,ecb1414d2662_Public_Authorities_under_DRDO_12_06_2026_0,https://www.drdo.gov.in/drdo/sites/default/files/Basic-PDF/Public_Authorities_under_DRDO_12_06_2026_0.pdf,data\raw\india\DRDO\ecb1414d2662_Public_Authorities_under_DRDO_12_06_2026_0.pdf,data\extracted\india\DRDO\ecb1414d2662_Public_Authorities_under_DRDO_12_06_2026_0.txt,ecb1414d26625e4786c400e51e6cb608df77d65f41e09ea777ef933637020361,application/pdf,extracted
b3d2afe8ef43368d,DRDO,india,b3d2afe8ef43_SOPforEjournals,https://www.drdo.gov.in/drdo/sites/default/files/form_formats/SOPforEjournals.pdf,data\raw\india\DRDO\b3d2afe8ef43_SOPforEjournals.pdf,data\extracted\india\DRDO\b3d2afe8ef43_SOPforEjournals.txt,b3d2afe8ef43368d41822441d11c216b21ddd57b523c4472123bdeabfb261dd9,application/pdf,extracted
ffe4b4f876291ce6,DRDO,india,ffe4b4f87629_HeatedGlovesWriteup,https://www.drdo.gov.in/drdo/sites/default/files/tot/HeatedGlovesWriteup.pdf,D:\DEFENCE_RAG\data\raw\india\DRDO\ffe4b4f87629_HeatedGlovesWriteup.pdf,D:\DEFENCE_RAG\data\extracted\india\DRDO\ffe4b4f87629_HeatedGlovesWriteup.txt,ffe4b4f876291ce69a2d738d33eaec7d0bae1a2cfae8ae24da44bac5a2de7a49,317633,application/pdf,extracted
144fd7c760be8925,DRDO,india,144fd7c760be_EoI_forACF21122023,https://www.drdo.gov.in/drdo/sites/default/files/tot/EoI_forACF21122023.pdf,D:\DEFENCE_RAG\data\raw\india\DRDO\144fd7c760be_EoI_forACF21122023.pdf,D:\DEFENCE_RAG\data\extracted\india\DRDO\144fd7c760be_EoI_forACF21122023.txt,144fd7c760be8925057e4f4a95fad0a7a1a27b107b0d86674628d2759adecea8,198070,application/pdf,extracted
1a978a4c3b7cfce7,DRDO,india,1a978a4c3b7c_CAFES25112024,https://www.drdo.gov.in/drdo/sites/default/files/tot/CAFES25112024.pdf,D:\DEFENCE_RAG\data\raw\india\DRDO\1a978a4c3b7c_CAFES25112024.pdf,D:\DEFENCE_RAG\data\extracted\india\DRDO\1a978a4c3b7c_CAFES25112024.txt,1a978a4c3b7cfce7ca9ae4bc13d1dcfa6d57e6ee4438695ace75eb1eafbd7976,108984,application/pdf,extracted
21e9bb67f297b736,DRDO,india,21e9bb67f297_FRAILJ18072023,https://www.drdo.gov.in/drdo/sites/default/files/tot/FRAILJ18072023.pdf,D:\DEFENCE_RAG\data\raw\india\DRDO\21e9bb67f297_FRAILJ18072023.pdf,D:\DEFENCE_RAG\data\extracted\india\DRDO\21e9bb67f297_FRAILJ18072023.txt,21e9bb67f297b736688d763f30fcdd17e3f693a7961b4a072da93abd35c7618e,465700,application/pdf,extracted
93dbc92dc019fa78,DRDO,india,93dbc92dc019_CCC_ARDE280525_0,https://www.drdo.gov.in/drdo/sites/default/files/tot/CCC_ARDE280525_0.pdf,D:\DEFENCE_RAG\data\raw\india\DRDO\93dbc92dc019_CCC_ARDE280525_0.pdf,D:\DEFENCE_RAG\data\extracted\india\DRDO\93dbc92dc019_CCC_ARDE280525_0.txt,93dbc92dc019fa78f0a1b380ffa41ea9b2ffe6f2853dd5427b2ac001d7839e98,255095,application/pdf,extracted
3ef085e24023c44d,DRDO,india,3ef085e24023_Al_Foam_1_0_0,https://www.drdo.gov.in/drdo/sites/default/files/tot/Al_Foam_1_0_0.doc,D:\DEFENCE_RAG\data\raw\india\DRDO\3ef085e24023_Al_Foam_1_0_0.doc,,3ef085e24023c44d33210190b86253fe43e007c2355f84efa5bd1c45f77f426b,225280,application/msword,no_text
e4820198a43d49fe,DRDO,india,e4820198a43d_EoIfAllTerrainaCombatBoot01082025,https://www.drdo.gov.in/drdo/sites/default/files/tot/EoIfAllTerrainaCombatBoot01082025.pdf,D:\DEFENCE_RAG\data\raw\india\DRDO\e4820198a43d_EoIfAllTerrainaCombatBoot01082025.pdf,D:\DEFENCE_RAG\data\extracted\india\DRDO\e4820198a43d_EoIfAllTerrainaCombatBoot01082025.txt,e4820198a43d49fe74044cb5a0bda73f5f535906d506e3c7a945f4487bc65ed5,176163,application/pdf,extracted
b4dccaf4fc9d936d,DRDO,india,b4dccaf4fc9d_Polyurea_0,https://www.drdo.gov.in/drdo/sites/default/files/tot/Polyurea_0.pdf,D:\DEFENCE_RAG\data\raw\india\DRDO\b4dccaf4fc9d_Polyurea_0.pdf,,b4dccaf4fc9d936d1810e0d70f8e0c0279d1f98f560b21b7c98f609df9fcd316,268275,application/pdf,no_text
4761fc8dc58238fc,DRDO,india,4761fc8dc582_25-3TRB-03MANUAL_RESUSCITATOR_IMPROVED,https://www.drdo.gov.in/drdo/sites/default/files/tot/25-3TRB-03MANUAL_RESUSCITATOR_IMPROVED.pdf,D:\DEFENCE_RAG\data\raw\india\DRDO\4761fc8dc582_25-3TRB-03MANUAL_RESUSCITATOR_IMPROVED.pdf,D:\DEFENCE_RAG\data\extracted\india\DRDO\4761fc8dc582_25-3TRB-03MANUAL_RESUSCITATOR_IMPROVED.txt,4761fc8dc58238fcd717ec1ed4604b3192239c11bb4d4ad490d05b637b0cbe56,51447,application/pdf,extracted
1eb5673226949552,DRDO,india,1eb567322694_AntiBedBugBedSheet09102023,https://www.drdo.gov.in/drdo/sites/default/files/tot/AntiBedBugBedSheet09102023.pdf,D:\DEFENCE_RAG\data\raw\india\DRDO\1eb567322694_AntiBedBugBedSheet09102023.pdf,D:\DEFENCE_RAG\data\extracted\india\DRDO\1eb567322694_AntiBedBugBedSheet09102023.txt,1eb5673226949552505b9673fef8e5efc90c859a249d25fb61d42984125aea71,151225,application/pdf,extracted
f2c07554f63d220c,DRDO,india,f2c07554f63d_OPW900msDCPC04122025,https://www.drdo.gov.in/drdo/sites/default/files/tot/OPW900msDCPC04122025.pdf,D:\DEFENCE_RAG\data\raw\india\DRDO\f2c07554f63d_OPW900msDCPC04122025.pdf,D:\DEFENCE_RAG\data\extracted\india\DRDO\f2c07554f63d_OPW900msDCPC04122025.txt,f2c07554f63d220cd7b51a3fad6bdb29a8b95edc75db75d575f2e01ef4383913,285197,application/pdf,extracted
fb5674dc251d3d80,DRDO,india,fb5674dc251d_PyroDelayCutter1sec24122025,https://www.drdo.gov.in/drdo/sites/default/files/tot/PyroDelayCutter1sec24122025.pdf,D:\DEFENCE_RAG\data\raw\india\DRDO\fb5674dc251d_PyroDelayCutter1sec24122025.pdf,D:\DEFENCE_RAG\data\extracted\india\DRDO\fb5674dc251d_PyroDelayCutter1sec24122025.txt,fb5674dc251d3d80f1e499a9de87120cafeb68dbdd98c03f42af8611f9086e90,512987,application/pdf,extracted
d752873f59541017,DRDO,india,d752873f5954_Biodegradable_cutlery,https://www.drdo.gov.in/drdo/sites/default/files/tot/Biodegradable_cutlery.pdf,D:\DEFENCE_RAG\data\raw\india\DRDO\d752873f5954_Biodegradable_cutlery.pdf,D:\DEFENCE_RAG\data\extracted\india\DRDO\d752873f5954_Biodegradable_cutlery.txt,d752873f59541017483aead3aa313c75a29fe1f41be82c7758bef38f25ad4cfc,1579785,application/pdf,extracted
142cd3f444d22135,DRDO,india,142cd3f444d2_MHST03062026,https://www.drdo.gov.in/drdo/sites/default/files/tot/MHST03062026.pdf,D:\DEFENCE_RAG\data\raw\india\DRDO\142cd3f444d2_MHST03062026.pdf,D:\DEFENCE_RAG\data\extracted\india\DRDO\142cd3f444d2_MHST03062026.txt,142cd3f444d2213507dfe30dc4a21ba5fe6c9f6e09299e3e35a910cbdabff14c,227482,application/pdf,extracted
44c6579d3ca5143c,DRDO,india,44c6579d3ca5_NMR_HTPEMT11052023,https://www.drdo.gov.in/drdo/sites/default/files/tot/NMR_HTPEMT11052023.pdf,D:\DEFENCE_RAG\data\raw\india\DRDO\44c6579d3ca5_NMR_HTPEMT11052023.pdf,D:\DEFENCE_RAG\data\extracted\india\DRDO\44c6579d3ca5_NMR_HTPEMT11052023.txt,44c6579d3ca5143ce9f1db48d72896c93a3f0775a75c7c7f68dbc4ec6b0bdb8f,132816,application/pdf,extracted
3ef085e24023c44d,DRDO,india,3ef085e24023_Al_Foam_1_0,https://www.drdo.gov.in/drdo/sites/default/files/tot/Al_Foam_1_0.doc,D:\DEFENCE_RAG\data\raw\india\DRDO\3ef085e24023_Al_Foam_1_0.doc,,3ef085e24023c44d33210190b86253fe43e007c2355f84efa5bd1c45f77f426b,225280,application/msword,no_text
eb08bed45530ca98,DRDO,india,eb08bed45530_MoFSRDbCIPaSR2342024,https://www.drdo.gov.in/drdo/sites/default/files/tot/MoFSRDbCIPaSR2342024.pdf,D:\DEFENCE_RAG\data\raw\india\DRDO\eb08bed45530_MoFSRDbCIPaSR2342024.pdf,D:\DEFENCE_RAG\data\extracted\india\DRDO\eb08bed45530_MoFSRDbCIPaSR2342024.txt,eb08bed45530ca9827e7a35178e54adbc7e4d757329f8fc59239198649c09970,210652,application/pdf,extracted
a12e2cbf9ee1e75f,DRDO,india,a12e2cbf9ee1_MechFUZE_H0908023G,https://www.drdo.gov.in/drdo/sites/default/files/tot/MechFUZE_H0908023G.pdf,D:\DEFENCE_RAG\data\raw\india\DRDO\a12e2cbf9ee1_MechFUZE_H0908023G.pdf,D:\DEFENCE_RAG\data\extracted\india\DRDO\a12e2cbf9ee1_MechFUZE_H0908023G.txt,a12e2cbf9ee1e75fef96decb9f7cfec9ad20a95a0f6a6571a4d6e9f4e06e621a,213636,application/pdf,extracted
4aed0efadba30a9f,DRDO,india,4aed0efadba3_QC_REMA04_22062026,https://www.drdo.gov.in/drdo/sites/default/files/tot/QC_REMA04_22062026.pdf,D:\DEFENCE_RAG\data\raw\india\DRDO\4aed0efadba3_QC_REMA04_22062026.pdf,D:\DEFENCE_RAG\data\extracted\india\DRDO\4aed0efadba3_QC_REMA04_22062026.txt,4aed0efadba30a9fedf1d20b0eea208f4c3a8f2dac755693ee48040b59ef7490,93066,application/pdf,extracted
f8b7afc3c977f7fc,DRDO,india,f8b7afc3c977_40-3TRB-11_81_mm_AT-AL_Smoke_Grenade,https://www.drdo.gov.in/drdo/sites/default/files/tot/40-3TRB-11_81_mm_AT-AL_Smoke_Grenade.pdf,D:\DEFENCE_RAG\data\raw\india\DRDO\f8b7afc3c977_40-3TRB-11_81_mm_AT-AL_Smoke_Grenade.pdf,D:\DEFENCE_RAG\data\extracted\india\DRDO\f8b7afc3c977_40-3TRB-11_81_mm_AT-AL_Smoke_Grenade.txt,f8b7afc3c977f7fc7e5dd3d5ca830a25ca9f5f7c4f156517a158d3aa43773372,84336,application/pdf,extracted
16dbac437b0088a3,DRDO,india,16dbac437b00_PostImpactdelayfuze16062023,https://www.drdo.gov.in/drdo/sites/default/files/tot/PostImpactdelayfuze16062023.pdf,D:\DEFENCE_RAG\data\raw\india\DRDO\16dbac437b00_PostImpactdelayfuze16062023.pdf,D:\DEFENCE_RAG\data\extracted\india\DRDO\16dbac437b00_PostImpactdelayfuze16062023.txt,16dbac437b0088a386c0daa82997ea7c285ac2afd8a69aa0a55c260fcc9053a5,107472,application/pdf,extracted
50d6474742e27135,DRDO,india,50d6474742e2_OPW120mmLG_ATGM_TG15052025,https://www.drdo.gov.in/drdo/sites/default/files/tot/OPW120mmLG_ATGM_TG15052025.pdf,D:\DEFENCE_RAG\data\raw\india\DRDO\50d6474742e2_OPW120mmLG_ATGM_TG15052025.pdf,D:\DEFENCE_RAG\data\extracted\india\DRDO\50d6474742e2_OPW120mmLG_ATGM_TG15052025.txt,50d6474742e271352fbb15e9c1fd1cb33106ca334bf6de2374c4d3f00e494b04,134865,application/pdf,extracted
4e16ed1e75b6824b,DRDO,india,4e16ed1e75b6_WriteupARPS09022024,https://www.drdo.gov.in/drdo/sites/default/files/tot/WriteupARPS09022024.pdf,D:\DEFENCE_RAG\data\raw\india\DRDO\4e16ed1e75b6_WriteupARPS09022024.pdf,D:\DEFENCE_RAG\data\extracted\india\DRDO\4e16ed1e75b6_WriteupARPS09022024.txt,4e16ed1e75b6824b6198587ca0cce5ee630c385bc286db0e1e5e44a6c6a8a04d,582910,application/pdf,extracted
1dddcb34d1a1d10e,DRDO,india,1dddcb34d1a1_Anti-riot_gloves31122025,https://www.drdo.gov.in/drdo/sites/default/files/tot/Anti-riot_gloves31122025.pdf,D:\DEFENCE_RAG\data\raw\india\DRDO\1dddcb34d1a1_Anti-riot_gloves31122025.pdf,D:\DEFENCE_RAG\data\extracted\india\DRDO\1dddcb34d1a1_Anti-riot_gloves31122025.txt,1dddcb34d1a1d10ea301a3811899f184662ca7c0181b0cd700cbbec780606e9d,228369,application/pdf,extracted
7d94e25450e164a3,DRDO,india,7d94e25450e1_OPWBKNO3_05062024,https://www.drdo.gov.in/drdo/sites/default/files/tot/OPWBKNO3_05062024.pdf,D:\DEFENCE_RAG\data\raw\india\DRDO\7d94e25450e1_OPWBKNO3_05062024.pdf,D:\DEFENCE_RAG\data\extracted\india\DRDO\7d94e25450e1_OPWBKNO3_05062024.txt,7d94e25450e164a38cd9385b229f1a8ffb71a363611afbf4be0b862b66508944,32668,application/pdf,extracted
e90e941299cb7a93,DRDO,india,e90e941299cb_Household_Water_Purification_Unit,https://www.drdo.gov.in/drdo/sites/default/files/tot/Household_Water_Purification_Unit.pdf,D:\DEFENCE_RAG\data\raw\india\DRDO\e90e941299cb_Household_Water_Purification_Unit.pdf,D:\DEFENCE_RAG\data\extracted\india\DRDO\e90e941299cb_Household_Water_Purification_Unit.txt,e90e941299cb7a9349b97c1334e19fcf6b316c8c2788d2e3156b72cc33727e94,51742,application/pdf,extracted
2a5979ab41439657,DRDO,india,2a5979ab4143_Vaccine_write_up_modified_DIPAS,https://www.drdo.gov.in/drdo/sites/default/files/tot/Vaccine_write_up_modified_DIPAS.pdf,D:\DEFENCE_RAG\data\raw\india\DRDO\2a5979ab4143_Vaccine_write_up_modified_DIPAS.pdf,D:\DEFENCE_RAG\data\extracted\india\DRDO\2a5979ab4143_Vaccine_write_up_modified_DIPAS.txt,2a5979ab4143965763e208082c3518fb5597d6daa99f3bd03ebfebac76049cd9,24725,application/pdf,extracted
a4d00199b8d0bab2,DRDO,india,a4d00199b8d0_DMR_249A_Bars10072026,https://www.drdo.gov.in/drdo/sites/default/files/tot/DMR_249A_Bars10072026.pdf,D:\DEFENCE_RAG\data\raw\india\DRDO\a4d00199b8d0_DMR_249A_Bars10072026.pdf,D:\DEFENCE_RAG\data\extracted\india\DRDO\a4d00199b8d0_DMR_249A_Bars10072026.txt,a4d00199b8d0bab2d6cedfb2b393520ae9034b9bf2547bbe0497588b56ba67b7,282541,application/pdf,extracted
a7db20367758e260,DRDO,india,a7db20367758_LWTIMAS03052024,https://www.drdo.gov.in/drdo/sites/default/files/tot/LWTIMAS03052024.pdf,D:\DEFENCE_RAG\data\raw\india\DRDO\a7db20367758_LWTIMAS03052024.pdf,D:\DEFENCE_RAG\data\extracted\india\DRDO\a7db20367758_LWTIMAS03052024.txt,a7db20367758e260bc7b5b31e1a193c0e4c5a54ef275b7d6a5d637619b385900,29878,application/pdf,extracted
d167121672317e09,DRDO,india,d16712167231_DOSTTbSfSHoSiCC11022025_0,https://www.drdo.gov.in/drdo/sites/default/files/tot/DOSTTbSfSHoSiCC11022025_0.pdf,D:\DEFENCE_RAG\data\raw\india\DRDO\d16712167231_DOSTTbSfSHoSiCC11022025_0.pdf,D:\DEFENCE_RAG\data\extracted\india\DRDO\d16712167231_DOSTTbSfSHoSiCC11022025_0.txt,d167121672317e097998820b62ba4f03a99f47a6cda8c36d903c00c8f85c5280,56505,application/pdf,extracted
40802f6ee827d30e,DRDO,india,40802f6ee827_DEPA_SPRAY,https://www.drdo.gov.in/drdo/sites/default/files/tot/DEPA_SPRAY.pdf,D:\DEFENCE_RAG\data\raw\india\DRDO\40802f6ee827_DEPA_SPRAY.pdf,D:\DEFENCE_RAG\data\extracted\india\DRDO\40802f6ee827_DEPA_SPRAY.txt,40802f6ee827d30e257f1440c280572158fc801777abcf9c4113b808d90def6c,329525,application/pdf,extracted
5a52487138a80f0d,DRDO,india,5a52487138a8_ModularBridgingSystem25032025,https://www.drdo.gov.in/drdo/sites/default/files/tot/ModularBridgingSystem25032025.pdf,D:\DEFENCE_RAG\data\raw\india\DRDO\5a52487138a8_ModularBridgingSystem25032025.pdf,D:\DEFENCE_RAG\data\extracted\india\DRDO\5a52487138a8_ModularBridgingSystem25032025.txt,5a52487138a80f0dce611acd2d75c5b49bcbc492dc8b94e0d4cd5df81b804ba1,83673,application/pdf,extracted
760c524d5cce99d9,DRDO,india,760c524d5cce_SolventFrreAntiCorrosivePaint_0,https://www.drdo.gov.in/drdo/sites/default/files/tot/SolventFrreAntiCorrosivePaint_0.pdf,D:\DEFENCE_RAG\data\raw\india\DRDO\760c524d5cce_SolventFrreAntiCorrosivePaint_0.pdf,D:\DEFENCE_RAG\data\extracted\india\DRDO\760c524d5cce_SolventFrreAntiCorrosivePaint_0.txt,760c524d5cce99d9a9178c92ce5e6c5335bc6a75623a4c540398d6090859c14c,334300,application/pdf,extracted
61bc9b56815c7e46,DRDO,india,61bc9b56815c_FOPPA1197,https://www.drdo.gov.in/drdo/sites/default/files/tot/FOPPA1197.pdf,D:\DEFENCE_RAG\data\raw\india\DRDO\61bc9b56815c_FOPPA1197.pdf,D:\DEFENCE_RAG\data\extracted\india\DRDO\61bc9b56815c_FOPPA1197.txt,61bc9b56815c7e465f844a13c91ab638d84d080e25e1afc7e1c0c6ff692471bb,46187,application/pdf,extracted
7edab0a0ddf293d8,DRDO,india,7edab0a0ddf2_600msDCPC04122025,https://www.drdo.gov.in/drdo/sites/default/files/tot/600msDCPC04122025.pdf,D:\DEFENCE_RAG\data\raw\india\DRDO\7edab0a0ddf2_600msDCPC04122025.pdf,D:\DEFENCE_RAG\data\extracted\india\DRDO\7edab0a0ddf2_600msDCPC04122025.txt,7edab0a0ddf293d8764467d21d1cc0e5a6a6f44c3a3084286855aa901af0b23a,286602,application/pdf,extracted
0e53b697eccaf974,DRDO,india,0e53b697ecca_DMS_FE_75_10042024,https://www.drdo.gov.in/drdo/sites/default/files/tot/DMS_FE_75_10042024.pdf,D:\DEFENCE_RAG\data\raw\india\DRDO\0e53b697ecca_DMS_FE_75_10042024.pdf,D:\DEFENCE_RAG\data\extracted\india\DRDO\0e53b697ecca_DMS_FE_75_10042024.txt,0e53b697eccaf97467e6acfd3e8ea5c71f23659acb387f1a431e7ace485f6405,30863,application/pdf,extracted
38668f2d186aa78d,DRDO,india,38668f2d186a_obe-eoi,https://www.drdo.gov.in/drdo/sites/default/files/tot/obe-eoi.pdf,D:\DEFENCE_RAG\data\raw\india\DRDO\38668f2d186a_obe-eoi.pdf,D:\DEFENCE_RAG\data\extracted\india\DRDO\38668f2d186a_obe-eoi.txt,38668f2d186aa78d8a9de5c66ed7f08803ab5ba2aa0b8f9a284ca59af1b04ccf,414859,application/pdf,extracted
4907328213a408b6,DRDO,india,4907328213a4_LINEAR_THERMAL_DETECTOR,https://www.drdo.gov.in/drdo/sites/default/files/tot/LINEAR_THERMAL_DETECTOR.pdf,D:\DEFENCE_RAG\data\raw\india\DRDO\4907328213a4_LINEAR_THERMAL_DETECTOR.pdf,D:\DEFENCE_RAG\data\extracted\india\DRDO\4907328213a4_LINEAR_THERMAL_DETECTOR.txt,4907328213a408b6c10e0ed4bbd51f7ca073340ae99b79cdb2ca9d3c17532017,198657,application/pdf,extracted
610bde453d479ad2,DRDO,india,610bde453d47_CAT-B-NT-Peelable_Coating_0,https://www.drdo.gov.in/drdo/sites/default/files/tot/CAT-B-NT-Peelable_Coating_0.pdf,D:\DEFENCE_RAG\data\raw\india\DRDO\610bde453d47_CAT-B-NT-Peelable_Coating_0.pdf,D:\DEFENCE_RAG\data\extracted\india\DRDO\610bde453d47_CAT-B-NT-Peelable_Coating_0.txt,610bde453d479ad28a596165ca2e1ed798b6e80db0fa6291f3cc5874df44aff5,691442,application/pdf,extracted
a1013051f673b913,DRDO,india,a1013051f673_NMR-Aluminium-anode-for-ship-propeller,https://www.drdo.gov.in/drdo/sites/default/files/tot/NMR-Aluminium-anode-for-ship-propeller.pdf,D:\DEFENCE_RAG\data\raw\india\DRDO\a1013051f673_NMR-Aluminium-anode-for-ship-propeller.pdf,D:\DEFENCE_RAG\data\extracted\india\DRDO\a1013051f673_NMR-Aluminium-anode-for-ship-propeller.txt,a1013051f673b913cf262d42b47fca834e23bf99a0a41410ee8d898c9f234676,219240,application/pdf,extracted
325553ec600a90cc,DRDO,india,325553ec600a_BPoCOfDoSTF23012024_1,https://www.drdo.gov.in/drdo/sites/default/files/tot/BPoCOfDoSTF23012024_1.pdf,D:\DEFENCE_RAG\data\raw\india\DRDO\325553ec600a_BPoCOfDoSTF23012024_1.pdf,D:\DEFENCE_RAG\data\extracted\india\DRDO\325553ec600a_BPoCOfDoSTF23012024_1.txt,325553ec600a90ccc4aee4d2df03359853c2f761fe9f4512755b57a2f2383089,462134,application/pdf,extracted
5eedd450c0628750,DRDO,india,5eedd450c062_MBRLaBCPOPW21022025,https://www.drdo.gov.in/drdo/sites/default/files/tot/MBRLaBCPOPW21022025.pdf,D:\DEFENCE_RAG\data\raw\india\DRDO\5eedd450c062_MBRLaBCPOPW21022025.pdf,D:\DEFENCE_RAG\data\extracted\india\DRDO\5eedd450c062_MBRLaBCPOPW21022025.txt,5eedd450c0628750db3e50cfcf602dc024dcd7e8a16e90322b527554bf958bf7,76129,application/pdf,extracted
5ea1ccf3ebc9ff70,DRDO,india,5ea1ccf3ebc9_IED_OPW17042025,https://www.drdo.gov.in/drdo/sites/default/files/tot/IED_OPW17042025.pdf,D:\DEFENCE_RAG\data\raw\india\DRDO\5ea1ccf3ebc9_IED_OPW17042025.pdf,D:\DEFENCE_RAG\data\extracted\india\DRDO\5ea1ccf3ebc9_IED_OPW17042025.txt,5ea1ccf3ebc9ff70e402022aefc3a4d7465d75007cd52e030b0c16b81ce11f28,172255,application/pdf,extracted
fd32e7d00e16c4c0,DRDO,india,fd32e7d00e16_EoI_for_TGRD21102025,https://www.drdo.gov.in/drdo/sites/default/files/tot/EoI_for_TGRD21102025.pdf,D:\DEFENCE_RAG\data\raw\india\DRDO\fd32e7d00e16_EoI_for_TGRD21102025.pdf,D:\DEFENCE_RAG\data\extracted\india\DRDO\fd32e7d00e16_EoI_for_TGRD21102025.txt,fd32e7d00e16c4c0c20ef1b78ea27652a0e29878e8b73d422f6e721f1f732ebb,171716,application/pdf,extracted
805da3f5be4b60fe,DRDO,india,805da3f5be4b_113-6CIR-5,https://www.drdo.gov.in/drdo/sites/default/files/tot/113-6CIR-5.pdf,D:\DEFENCE_RAG\data\raw\india\DRDO\805da3f5be4b_113-6CIR-5.pdf,D:\DEFENCE_RAG\data\extracted\india\DRDO\805da3f5be4b_113-6CIR-5.txt,805da3f5be4b60fe9f1ea040969b9fbaa1fa359f23e5522b12e53b25acf635ed,770101,application/pdf,extracted
f7204214737f4d70,DRDO,india,f7204214737f_22________EOI_for_ALTAS,https://www.drdo.gov.in/drdo/sites/default/files/tot/22________EOI_for_ALTAS.pdf,D:\DEFENCE_RAG\data\raw\india\DRDO\f7204214737f_22________EOI_for_ALTAS.pdf,D:\DEFENCE_RAG\data\extracted\india\DRDO\f7204214737f_22________EOI_for_ALTAS.txt,f7204214737f4d70213800475703de9cb52f34a96dc5f83cc44bc7bcb1f6b6e3,518640,application/pdf,extracted
b7147b0805abc4a7,DRDO,india,b7147b0805ab_MDMR1700DAtCCR03102023,https://www.drdo.gov.in/drdo/sites/default/files/tot/MDMR1700DAtCCR03102023.pdf,D:\DEFENCE_RAG\data\raw\india\DRDO\b7147b0805ab_MDMR1700DAtCCR03102023.pdf,D:\DEFENCE_RAG\data\extracted\india\DRDO\b7147b0805ab_MDMR1700DAtCCR03102023.txt,b7147b0805abc4a78129cb96c2766d1146dedf582581fbc14830d8ed04994ce4,188449,application/pdf,extracted
6f2c99c35139a9e2,DRDO,india,6f2c99c35139_Angular_OBC19052026,https://www.drdo.gov.in/drdo/sites/default/files/tot/Angular_OBC19052026.pdf,D:\DEFENCE_RAG\data\raw\india\DRDO\6f2c99c35139_Angular_OBC19052026.pdf,D:\DEFENCE_RAG\data\extracted\india\DRDO\6f2c99c35139_Angular_OBC19052026.txt,6f2c99c35139a9e224c8a9cc8c4200417d65a9a0de4c613adfa3858fb83deaf8,102097,application/pdf,extracted
8f69dff7f4374a0a,DRDO,india,8f69dff7f437_FRGlovesWriteupFinal,https://www.drdo.gov.in/drdo/sites/default/files/tot/FRGlovesWriteupFinal.pdf,D:\DEFENCE_RAG\data\raw\india\DRDO\8f69dff7f437_FRGlovesWriteupFinal.pdf,D:\DEFENCE_RAG\data\extracted\india\DRDO\8f69dff7f437_FRGlovesWriteupFinal.txt,8f69dff7f4374a0a15a6de325af0dfc506ca61cfd837bef3d85a1eedc286c63f,526396,application/pdf,extracted
466f2549513800cf,DRDO,india,466f25495138_CAT-B-NT-Self_Cleaning_Coating_0_0,https://www.drdo.gov.in/drdo/sites/default/files/tot/CAT-B-NT-Self_Cleaning_Coating_0_0.pdf,D:\DEFENCE_RAG\data\raw\india\DRDO\466f25495138_CAT-B-NT-Self_Cleaning_Coating_0_0.pdf,D:\DEFENCE_RAG\data\extracted\india\DRDO\466f25495138_CAT-B-NT-Self_Cleaning_Coating_0_0.txt,466f2549513800cfe4276c4e35c9ee77f1531b8938cc42a47c805f215bf8ace9,940995,application/pdf,extracted
f890b7f733cd8a60,DRDO,india,f890b7f733cd_OPW_impraCarbonPdc28112024_0,https://www.drdo.gov.in/drdo/sites/default/files/tot/OPW_impraCarbonPdc28112024_0.pdf,D:\DEFENCE_RAG\data\raw\india\DRDO\f890b7f733cd_OPW_impraCarbonPdc28112024_0.pdf,D:\DEFENCE_RAG\data\extracted\india\DRDO\f890b7f733cd_OPW_impraCarbonPdc28112024_0.txt,f890b7f733cd8a6054dee80f449ef16c7faf6b04d32ff61729dff27ce5f5adf6,167087,application/pdf,extracted
45a901fb30da274a,DRDO,india,45a901fb30da_LegGarterWriteup,https://www.drdo.gov.in/drdo/sites/default/files/tot/LegGarterWriteup.pdf,D:\DEFENCE_RAG\data\raw\india\DRDO\45a901fb30da_LegGarterWriteup.pdf,D:\DEFENCE_RAG\data\extracted\india\DRDO\45a901fb30da_LegGarterWriteup.txt,45a901fb30da274a17219da404e66994b14cf6dfcbb52149ac080a1743e690df,76007,application/pdf,extracted
36cc64628539d473,DRDO,india,36cc64628539_CAT-A___Potable_Sterilized_Water_pouches,https://www.drdo.gov.in/drdo/sites/default/files/tot/CAT-A___Potable_Sterilized_Water_pouches.pdf,D:\DEFENCE_RAG\data\raw\india\DRDO\36cc64628539_CAT-A___Potable_Sterilized_Water_pouches.pdf,D:\DEFENCE_RAG\data\extracted\india\DRDO\36cc64628539_CAT-A___Potable_Sterilized_Water_pouches.txt,36cc64628539d473e6212b815dc1d1c2a3669360797ab1d56d0833b021b37206,142952,application/pdf,extracted
63afcb7b78d97a86,DRDO,india,63afcb7b78d9_MASFerritePowder,https://www.drdo.gov.in/drdo/sites/default/files/tot/MASFerritePowder.pdf,D:\DEFENCE_RAG\data\raw\india\DRDO\63afcb7b78d9_MASFerritePowder.pdf,D:\DEFENCE_RAG\data\extracted\india\DRDO\63afcb7b78d9_MASFerritePowder.txt,63afcb7b78d97a86b48729e134d4153b625904a4a3aa4c31f8d6865a20e5b7c4,46663,application/pdf,extracted
8854ac01b61ff65b,DRDO,india,8854ac01b61f_PRACHAND_MunitionHardwareEmpty,https://www.drdo.gov.in/drdo/sites/default/files/tot/PRACHAND_MunitionHardwareEmpty.pdf,D:\DEFENCE_RAG\data\raw\india\DRDO\8854ac01b61f_PRACHAND_MunitionHardwareEmpty.pdf,D:\DEFENCE_RAG\data\extracted\india\DRDO\8854ac01b61f_PRACHAND_MunitionHardwareEmpty.txt,8854ac01b61ff65b0ff6748e4ce9a3e9e663dacf9f21c208560db62bd5dcbfd5,107702,application/pdf,extracted
477d832413d53d96,DRDO,india,477d832413d5_AIRDAT-E_Mk3_26112025,https://www.drdo.gov.in/drdo/sites/default/files/tot/AIRDAT-E_Mk3_26112025.pdf,D:\DEFENCE_RAG\data\raw\india\DRDO\477d832413d5_AIRDAT-E_Mk3_26112025.pdf,D:\DEFENCE_RAG\data\extracted\india\DRDO\477d832413d5_AIRDAT-E_Mk3_26112025.txt,477d832413d53d96f17c654bb25564cf66667fe04c8262fdd48609b1f735e672,201092,application/pdf,extracted
8f4360983cda2689,DRDO,india,8f4360983cda_How-to-submit-RTI-Form-and-Fee_1_2,https://www.drdo.gov.in/drdo/sites/default/files/Basic-PDF/How-to-submit-RTI-Form-and-Fee_1_2.pdf,D:\DEFENCE_RAG\data\raw\india\DRDO\8f4360983cda_How-to-submit-RTI-Form-and-Fee_1_2.pdf,,8f4360983cda2689f42901e5c7126fadab74ad75bae500a86186822ba9ae0763,749047,application/pdf,no_text
0160f04f4639663b,DRDO,india,0160f04f4639_WriteupEvacBagHalf,https://www.drdo.gov.in/drdo/sites/default/files/tot/WriteupEvacBagHalf.pdf,D:\DEFENCE_RAG\data\raw\india\DRDO\0160f04f4639_WriteupEvacBagHalf.pdf,D:\DEFENCE_RAG\data\extracted\india\DRDO\0160f04f4639_WriteupEvacBagHalf.txt,0160f04f4639663b2db57f72c1a76a64c4f8e26de71f2b8777e2f52bc565c611,384406,application/pdf,extracted
3509d288401dd7df,DRDO,india,3509d288401d_BPM02112022,https://www.drdo.gov.in/drdo/sites/default/files/tot/BPM02112022.pdf,D:\DEFENCE_RAG\data\raw\india\DRDO\3509d288401d_BPM02112022.pdf,D:\DEFENCE_RAG\data\extracted\india\DRDO\3509d288401d_BPM02112022.txt,3509d288401dd7dfb9dcb180a5d4ba569acda76a853a2f8d33f2e834b7b2f009,60834,application/pdf,extracted
fafd090e002c104e,DRDO,india,fafd090e002c_EoI_LBRG29022024,https://www.drdo.gov.in/drdo/sites/default/files/tot/EoI_LBRG29022024.pdf,D:\DEFENCE_RAG\data\raw\india\DRDO\fafd090e002c_EoI_LBRG29022024.pdf,,fafd090e002c104e05f270c1f32aed9fceab4f64533dc3f3f2fcbaf38a7caa4f,214325,application/pdf,no_text
cfc91b754b8d3425,DRDO,india,cfc91b754b8d_CMPAC86fPtSCS23012024_0,https://www.drdo.gov.in/drdo/sites/default/files/tot/CMPAC86fPtSCS23012024_0.pdf,D:\DEFENCE_RAG\data\raw\india\DRDO\cfc91b754b8d_CMPAC86fPtSCS23012024_0.pdf,D:\DEFENCE_RAG\data\extracted\india\DRDO\cfc91b754b8d_CMPAC86fPtSCS23012024_0.txt,cfc91b754b8d3425b82858a0f59cdea61c34bbeadb074c8b11ada4fbe1e82e4d,460578,application/pdf,extracted
93d5ee0934fdedbe,DRDO,india,93d5ee0934fd_AutojectInjectorMarkII_23102024_0,https://www.drdo.gov.in/drdo/sites/default/files/tot/AutojectInjectorMarkII_23102024_0.pdf,D:\DEFENCE_RAG\data\raw\india\DRDO\93d5ee0934fd_AutojectInjectorMarkII_23102024_0.pdf,,93d5ee0934fdedbe7c8a5724d1ec2da254c714ee43035a5ceae2a6a66d76c941,1021,application/pdf,no_text
8ec11c5394e7b3bf,DRDO,india,8ec11c5394e7_all_terraincomat_boot,https://www.drdo.gov.in/drdo/sites/default/files/tot/all_terraincomat_boot.pdf,D:\DEFENCE_RAG\data\raw\india\DRDO\8ec11c5394e7_all_terraincomat_boot.pdf,,8ec11c5394e7b3bf4a23b86a2f3c7ffed40ecc66e3c0705429d1da3ea9004cc0,385157,application/pdf,no_text
34f184949642cfaf,DRDO,india,34f184949642_NBC_Facelet,https://www.drdo.gov.in/drdo/sites/default/files/tot/NBC_Facelet.pdf,D:\DEFENCE_RAG\data\raw\india\DRDO\34f184949642_NBC_Facelet.pdf,D:\DEFENCE_RAG\data\extracted\india\DRDO\34f184949642_NBC_Facelet.txt,34f184949642cfafa9b47a4b03bc4d468948812b7b5128b8afe59a8ce0dadb15,316517,application/pdf,extracted
fd09a26621900cc8,DRDO,india,fd09a2662190_NASM_SR20082024_0,https://www.drdo.gov.in/drdo/sites/default/files/tot/NASM_SR20082024_0.pdf,D:\DEFENCE_RAG\data\raw\india\DRDO\fd09a2662190_NASM_SR20082024_0.pdf,D:\DEFENCE_RAG\data\extracted\india\DRDO\fd09a2662190_NASM_SR20082024_0.txt,fd09a26621900cc8df791a3f855dd33c563020faa334d5313ad2ef4fceccd9c8,118881,application/pdf,extracted
1dba06b3008a9d43,DRDO,india,1dba06b3008a_DTRT,https://www.drdo.gov.in/drdo/sites/default/files/tot/DTRT.pdf,D:\DEFENCE_RAG\data\raw\india\DRDO\1dba06b3008a_DTRT.pdf,D:\DEFENCE_RAG\data\extracted\india\DRDO\1dba06b3008a_DTRT.txt,1dba06b3008a9d4361440db046919a8a9bb7c1630c19e7ff2c49b0dac59addee,67313,application/pdf,extracted
3ebd6c6b2640e062,DRDO,india,3ebd6c6b2640_ANTI_LEUCODERMA_0,https://www.drdo.gov.in/drdo/sites/default/files/tot/ANTI_LEUCODERMA_0.docx,D:\DEFENCE_RAG\data\raw\india\DRDO\3ebd6c6b2640_ANTI_LEUCODERMA_0.docx,,3ebd6c6b2640e0626f73f57b1e92b31bca7329ff40979901227e8ff6077347af,244827,application/vnd.openxmlformats-officedocument.wordprocessingml.document,no_text
1d666aded81d9c01,DRDO,india,1d666aded81d_OPW_UCSfSA10042024,https://www.drdo.gov.in/drdo/sites/default/files/tot/OPW_UCSfSA10042024.pdf,D:\DEFENCE_RAG\data\raw\india\DRDO\1d666aded81d_OPW_UCSfSA10042024.pdf,D:\DEFENCE_RAG\data\extracted\india\DRDO\1d666aded81d_OPW_UCSfSA10042024.txt,1d666aded81d9c01a463a2c863ab0617af75277c1e8e31e5fe58bffc0ac58854,198921,application/pdf,extracted
0554f0bed99a0688,DRDO,india,0554f0bed99a_writeup-BP%20for%20hawk-ToT,https://www.drdo.gov.in/drdo/sites/default/files/tot/writeup-BP%20for%20hawk-ToT.pdf,D:\DEFENCE_RAG\data\raw\india\DRDO\0554f0bed99a_writeup-BP%20for%20hawk-ToT.pdf,D:\DEFENCE_RAG\data\extracted\india\DRDO\0554f0bed99a_writeup-BP%20for%20hawk-ToT.txt,0554f0bed99a068826d94a04529342545b3cec536bde316938adf6e8fcb614c7,201076,application/pdf,extracted
e1b53444e00e07ea,DRDO,india,e1b53444e00e_RED03022025,https://www.drdo.gov.in/drdo/sites/default/files/tot/RED03022025.pdf,D:\DEFENCE_RAG\data\raw\india\DRDO\e1b53444e00e_RED03022025.pdf,D:\DEFENCE_RAG\data\extracted\india\DRDO\e1b53444e00e_RED03022025.txt,e1b53444e00e07eaac86fe72a2692a8e737c7f3f2550df3f694312e9e73dc2d2,54332,application/pdf,extracted
3c18445c3eb4fa3b,DRDO,india,3c18445c3eb4_HTERC17042023,https://www.drdo.gov.in/drdo/sites/default/files/tot/HTERC17042023.pdf,D:\DEFENCE_RAG\data\raw\india\DRDO\3c18445c3eb4_HTERC17042023.pdf,D:\DEFENCE_RAG\data\extracted\india\DRDO\3c18445c3eb4_HTERC17042023.txt,3c18445c3eb4fa3b5400d5c8f8b7c4f4ea8d94d91cc0007b4edc76fd5f572372,9364,application/pdf,extracted
fa374b27dbf5e733,DRDO,india,fa374b27dbf5_GermaniumSCGfIO12032025,https://www.drdo.gov.in/drdo/sites/default/files/tot/GermaniumSCGfIO12032025.pdf,D:\DEFENCE_RAG\data\raw\india\DRDO\fa374b27dbf5_GermaniumSCGfIO12032025.pdf,D:\DEFENCE_RAG\data\extracted\india\DRDO\fa374b27dbf5_GermaniumSCGfIO12032025.txt,fa374b27dbf5e73360148214d2a7083e4d5b8f6dd7908959cbdd7cbda21d020c,40238,application/pdf,extracted
2fcc18a6ea356252,DRDO,india,2fcc18a6ea35_ABHYAS_Writeup26112025,https://www.drdo.gov.in/drdo/sites/default/files/tot/ABHYAS_Writeup26112025.pdf,D:\DEFENCE_RAG\data\raw\india\DRDO\2fcc18a6ea35_ABHYAS_Writeup26112025.pdf,D:\DEFENCE_RAG\data\extracted\india\DRDO\2fcc18a6ea35_ABHYAS_Writeup26112025.txt,2fcc18a6ea35625295d4e8207e356e684cc3be87ada0ae6510bb91f64fb1670f,238972,application/pdf,extracted
a563eea25300d4ff,DRDO,india,a563eea25300_FoPPA_Hawk132_07032024,https://www.drdo.gov.in/drdo/sites/default/files/tot/FoPPA_Hawk132_07032024.pdf,D:\DEFENCE_RAG\data\raw\india\DRDO\a563eea25300_FoPPA_Hawk132_07032024.pdf,D:\DEFENCE_RAG\data\extracted\india\DRDO\a563eea25300_FoPPA_Hawk132_07032024.txt,a563eea25300d4ffd19828080441a6fe7481b95b6eaac4fd6bf402ad0202ab94,650449,application/pdf,extracted
a89007bc15653f56,DRDO,india,a89007bc1565_PyroCartridgePC100DQ,https://www.drdo.gov.in/drdo/sites/default/files/tot/PyroCartridgePC100DQ.pdf,D:\DEFENCE_RAG\data\raw\india\DRDO\a89007bc1565_PyroCartridgePC100DQ.pdf,D:\DEFENCE_RAG\data\extracted\india\DRDO\a89007bc1565_PyroCartridgePC100DQ.txt,a89007bc15653f56e4ae632d8e1c2ed205b467ebed815f3369a2b46a41e784c1,251524,application/pdf,extracted
d5a77f20327602fb,DRDO,india,d5a77f203276_Granules_for_Bio-Degradable_Bags,https://www.drdo.gov.in/drdo/sites/default/files/tot/Granules_for_Bio-Degradable_Bags.pdf,D:\DEFENCE_RAG\data\raw\india\DRDO\d5a77f203276_Granules_for_Bio-Degradable_Bags.pdf,D:\DEFENCE_RAG\data\extracted\india\DRDO\d5a77f203276_Granules_for_Bio-Degradable_Bags.txt,d5a77f20327602fb6e2176aa81837ad66d87e3542988012c9b6de6b63cb447c7,41812,application/pdf,extracted
a2deeddd6b81482a,DRDO,india,a2deeddd6b81_In_Vitro_Culture_Technology_0_0,https://www.drdo.gov.in/drdo/sites/default/files/tot/In_Vitro_Culture_Technology_0_0.docx,D:\DEFENCE_RAG\data\raw\india\DRDO\a2deeddd6b81_In_Vitro_Culture_Technology_0_0.docx,,a2deeddd6b81482af546f5c7748bedaa984a4396cccaf1e10c6582644dca59ed,47321,application/vnd.openxmlformats-officedocument.wordprocessingml.document,no_text
c1a48ac7276e53c7,DRDO,india,c1a48ac7276e_WRCMS_BG01112023,https://www.drdo.gov.in/drdo/sites/default/files/tot/WRCMS_BG01112023.pdf,D:\DEFENCE_RAG\data\raw\india\DRDO\c1a48ac7276e_WRCMS_BG01112023.pdf,D:\DEFENCE_RAG\data\extracted\india\DRDO\c1a48ac7276e_WRCMS_BG01112023.txt,c1a48ac7276e53c75a2181c6543842d715d00bdcf2903a699e57c45352ba875b,304091,application/pdf,extracted
894b8348e0ca38ca,DRDO,india,894b8348e0ca_Write-up_Herbo_Healer,https://www.drdo.gov.in/drdo/sites/default/files/tot/Write-up_Herbo_Healer.pdf,D:\DEFENCE_RAG\data\raw\india\DRDO\894b8348e0ca_Write-up_Herbo_Healer.pdf,D:\DEFENCE_RAG\data\extracted\india\DRDO\894b8348e0ca_Write-up_Herbo_Healer.txt,894b8348e0ca38cab890b7aa5023e5a4f6e081acf92d8c9c0eae1ffa28700f10,73881,application/pdf,extracted
05a695b1a487d0fb,DRDO,india,05a695b1a487_VARTM_OPW15072025,https://www.drdo.gov.in/drdo/sites/default/files/tot/VARTM_OPW15072025.pdf,D:\DEFENCE_RAG\data\raw\india\DRDO\05a695b1a487_VARTM_OPW15072025.pdf,D:\DEFENCE_RAG\data\extracted\india\DRDO\05a695b1a487_VARTM_OPW15072025.txt,05a695b1a487d0fbfd7bb1c67e4b8bba12fbdd8ad3898dd227cc8c8797e3660f,387135,application/pdf,extracted
b1cfb01cea7a817a,DRDO,india,b1cfb01cea7a_NBC_Casualty_Bag_%28Half%29,https://www.drdo.gov.in/drdo/sites/default/files/tot/NBC_Casualty_Bag_%28Half%29.pdf,D:\DEFENCE_RAG\data\raw\india\DRDO\b1cfb01cea7a_NBC_Casualty_Bag_%28Half%29.pdf,D:\DEFENCE_RAG\data\extracted\india\DRDO\b1cfb01cea7a_NBC_Casualty_Bag_%28Half%29.txt,b1cfb01cea7a817ab6dac11f743b92e6b1197a0098b32e736b0e08e0b4453b8b,265447,application/pdf,extracted
eb875608adb7ea3d,DRDO,india,eb875608adb7_FPVAnti_Armour11072025,https://www.drdo.gov.in/drdo/sites/default/files/tot/FPVAnti_Armour11072025.pdf,D:\DEFENCE_RAG\data\raw\india\DRDO\eb875608adb7_FPVAnti_Armour11072025.pdf,D:\DEFENCE_RAG\data\extracted\india\DRDO\eb875608adb7_FPVAnti_Armour11072025.txt,eb875608adb7ea3d47e078bd9289831c0edc0e1e7b82b9c428f008eda77995f0,73735,application/pdf,extracted
d66f087cda1b4985,DRDO,india,d66f087cda1b_CompositeBallValve,https://www.drdo.gov.in/drdo/sites/default/files/tot/CompositeBallValve.pdf,D:\DEFENCE_RAG\data\raw\india\DRDO\d66f087cda1b_CompositeBallValve.pdf,D:\DEFENCE_RAG\data\extracted\india\DRDO\d66f087cda1b_CompositeBallValve.txt,d66f087cda1b498532b80c5acda1d856d601c657ef98f9a858be8c7d6a67bdbe,215042,application/pdf,extracted
a6e6887608cc8a04,DRDO,india,a6e6887608cc_OPW500msDCPC04122025,https://www.drdo.gov.in/drdo/sites/default/files/tot/OPW500msDCPC04122025.pdf,D:\DEFENCE_RAG\data\raw\india\DRDO\a6e6887608cc_OPW500msDCPC04122025.pdf,D:\DEFENCE_RAG\data\extracted\india\DRDO\a6e6887608cc_OPW500msDCPC04122025.txt,a6e6887608cc8a04c8aa6c6a33e03555d600c475b4c1b6f2240ac71514971034,285732,application/pdf,extracted
c7b647c1e8a64a66,DRDO,india,c7b647c1e8a6_Desalination23122025,https://www.drdo.gov.in/drdo/sites/default/files/tot/Desalination23122025.pdf,D:\DEFENCE_RAG\data\raw\india\DRDO\c7b647c1e8a6_Desalination23122025.pdf,D:\DEFENCE_RAG\data\extracted\india\DRDO\c7b647c1e8a6_Desalination23122025.txt,c7b647c1e8a64a6655849b882424deae5b2a1ab020996557e9fb4620e3d47f0d,1302316,application/pdf,extracted
49f5076f8f43394d,DRDO,india,49f5076f8f43_CBRNResuscitatorManual25032025,https://www.drdo.gov.in/drdo/sites/default/files/tot/CBRNResuscitatorManual25032025.pdf,D:\DEFENCE_RAG\data\raw\india\DRDO\49f5076f8f43_CBRNResuscitatorManual25032025.pdf,D:\DEFENCE_RAG\data\extracted\india\DRDO\49f5076f8f43_CBRNResuscitatorManual25032025.txt,49f5076f8f43394d5d5d10de7463423b6889058a0e24174151320a4ebef570f8,117148,application/pdf,extracted
426fef80d8379534,DRDO,india,426fef80d837_NMR136BWP06062024,https://www.drdo.gov.in/drdo/sites/default/files/tot/NMR136BWP06062024.pdf,D:\DEFENCE_RAG\data\raw\india\DRDO\426fef80d837_NMR136BWP06062024.pdf,D:\DEFENCE_RAG\data\extracted\india\DRDO\426fef80d837_NMR136BWP06062024.txt,426fef80d83795349376912fe8053646c9ce5b97fb9b1eee822d591040c48389,46048,application/pdf,extracted
4a9ab5e0a13e886a,DRDO,india,4a9ab5e0a13e_TMC2P50HPMCP_0,https://www.drdo.gov.in/drdo/sites/default/files/tot/TMC2P50HPMCP_0.pdf,D:\DEFENCE_RAG\data\raw\india\DRDO\4a9ab5e0a13e_TMC2P50HPMCP_0.pdf,D:\DEFENCE_RAG\data\extracted\india\DRDO\4a9ab5e0a13e_TMC2P50HPMCP_0.txt,4a9ab5e0a13e886aaaf94394611f60d0ad290f874677fc760be07efdbecb44c7,133900,application/pdf,extracted
465652fd79991879,DRDO,india,465652fd7999_PIFBASMSRASM,https://www.drdo.gov.in/drdo/sites/default/files/tot/PIFBASMSRASM.pdf,D:\DEFENCE_RAG\data\raw\india\DRDO\465652fd7999_PIFBASMSRASM.pdf,D:\DEFENCE_RAG\data\extracted\india\DRDO\465652fd7999_PIFBASMSRASM.txt,465652fd79991879c88a00f5eaa918f9c63ddf80aee349e14ac87f314b31c587,179629,application/pdf,extracted
9f1b6e9a35cc7401,DRDO,india,9f1b6e9a35cc_115-6CIR-7,https://www.drdo.gov.in/drdo/sites/default/files/tot/115-6CIR-7.pdf,D:\DEFENCE_RAG\data\raw\india\DRDO\9f1b6e9a35cc_115-6CIR-7.pdf,D:\DEFENCE_RAG\data\extracted\india\DRDO\9f1b6e9a35cc_115-6CIR-7.txt,9f1b6e9a35cc7401e397674f827fd3938a7cb22219f9f903dc447717780208bd,806802,application/pdf,extracted
ff26680b77a6a56b,DRDO,india,ff26680b77a6_Microwave_Chaff_Cartridge%20%281%29,https://www.drdo.gov.in/drdo/sites/default/files/tot/Microwave_Chaff_Cartridge%20%281%29.docx,D:\DEFENCE_RAG\data\raw\india\DRDO\ff26680b77a6_Microwave_Chaff_Cartridge%20%281%29.docx,,ff26680b77a6a56bdde4eba9968d12e0d14ca59436681130348197ee81c7e391,1217420,application/vnd.openxmlformats-officedocument.wordprocessingml.document,no_text
dacb7927174c2486,DRDO,india,dacb7927174c_ClosedVTS_OPW12032025,https://www.drdo.gov.in/drdo/sites/default/files/tot/ClosedVTS_OPW12032025.pdf,D:\DEFENCE_RAG\data\raw\india\DRDO\dacb7927174c_ClosedVTS_OPW12032025.pdf,D:\DEFENCE_RAG\data\extracted\india\DRDO\dacb7927174c_ClosedVTS_OPW12032025.txt,dacb7927174c24862ec2d08241cdc01d6d6682c79b0077ed3dac5a3ffb956d74,88005,application/pdf,extracted
9769b80a60ae498b,DRDO,india,9769b80a60ae_OPW_SOAR21102025,https://www.drdo.gov.in/drdo/sites/default/files/tot/OPW_SOAR21102025.pdf,D:\DEFENCE_RAG\data\raw\india\DRDO\9769b80a60ae_OPW_SOAR21102025.pdf,D:\DEFENCE_RAG\data\extracted\india\DRDO\9769b80a60ae_OPW_SOAR21102025.txt,9769b80a60ae498b3b9a1a2a1fcd31e953e0f28e19f0accb754f502410f6743b,218845,application/pdf,extracted
d9f871919007696c,DRDO,india,d9f871919007_FBPHfLCA10052024,https://www.drdo.gov.in/drdo/sites/default/files/tot/FBPHfLCA10052024.pdf,D:\DEFENCE_RAG\data\raw\india\DRDO\d9f871919007_FBPHfLCA10052024.pdf,D:\DEFENCE_RAG\data\extracted\india\DRDO\d9f871919007_FBPHfLCA10052024.txt,d9f871919007696c10bd98b01ff5d846084f894662b78112284aa1ac47bfa6cf,209969,application/pdf,extracted
a05fe7e750984cb7,DRDO,india,a05fe7e75098_UMC1P05HPMCP_0,https://www.drdo.gov.in/drdo/sites/default/files/tot/UMC1P05HPMCP_0.pdf,D:\DEFENCE_RAG\data\raw\india\DRDO\a05fe7e75098_UMC1P05HPMCP_0.pdf,D:\DEFENCE_RAG\data\extracted\india\DRDO\a05fe7e75098_UMC1P05HPMCP_0.txt,a05fe7e750984cb70162a7f98f83678ba3d1f4b8b1238bd759fa78d902c0c86c,119268,application/pdf,extracted
bbc02409fa82120d,DRDO,india,bbc02409fa82_One_Page_writeup-NBC_Glove,https://www.drdo.gov.in/drdo/sites/default/files/tot/One_Page_writeup-NBC_Glove.pdf,D:\DEFENCE_RAG\data\raw\india\DRDO\bbc02409fa82_One_Page_writeup-NBC_Glove.pdf,D:\DEFENCE_RAG\data\extracted\india\DRDO\bbc02409fa82_One_Page_writeup-NBC_Glove.txt,bbc02409fa82120d9f50f20e5b182602d9923469c02d740de4df02daf1196269,34372,application/pdf,extracted
b2b14d7ff648b64c,DRDO,india,b2b14d7ff648_Light_weight_structural_fire_fighting_suit,https://www.drdo.gov.in/drdo/sites/default/files/tot/Light_weight_structural_fire_fighting_suit.pdf,D:\DEFENCE_RAG\data\raw\india\DRDO\b2b14d7ff648_Light_weight_structural_fire_fighting_suit.pdf,D:\DEFENCE_RAG\data\extracted\india\DRDO\b2b14d7ff648_Light_weight_structural_fire_fighting_suit.txt,b2b14d7ff648b64c6e3ad2b93af4e73bebb679a3bbd1d694c9f17051ccc2fca3,4077132,application/pdf,extracted
98267a9f96b55aef,DRDO,india,98267a9f96b5_DAST10042024,https://www.drdo.gov.in/drdo/sites/default/files/tot/DAST10042024.pdf,D:\DEFENCE_RAG\data\raw\india\DRDO\98267a9f96b5_DAST10042024.pdf,D:\DEFENCE_RAG\data\extracted\india\DRDO\98267a9f96b5_DAST10042024.txt,98267a9f96b55aef10e7304fc7b8017c05a9e8cb53fe2083724450b240c6d33c,643490,application/pdf,extracted
f73ac759df89b791,DRDO,india,f73ac759df89_HeatedInsolesWriteup,https://www.drdo.gov.in/drdo/sites/default/files/tot/HeatedInsolesWriteup.pdf,D:\DEFENCE_RAG\data\raw\india\DRDO\f73ac759df89_HeatedInsolesWriteup.pdf,D:\DEFENCE_RAG\data\extracted\india\DRDO\f73ac759df89_HeatedInsolesWriteup.txt,f73ac759df89b791eef04777ff0459e91317c6b700c7c377fc2b8dfdb5a0fa6a,951136,application/pdf,extracted
05a691e7d67b686e,DRDO,india,05a691e7d67b_9_Write-up_high_temperature_erosion_resistance_composites_0,https://www.drdo.gov.in/drdo/sites/default/files/tot/9_Write-up_high_temperature_erosion_resistance_composites_0.doc,D:\DEFENCE_RAG\data\raw\india\DRDO\05a691e7d67b_9_Write-up_high_temperature_erosion_resistance_composites_0.doc,,05a691e7d67b686e92142dcb47390879edd09da016e0ba1faeec7c7c2958c548,191488,application/msword,no_text
19f4fc13cd4d0bb9,DRDO,india,19f4fc13cd4d_OpwMCHEW7_05062024,https://www.drdo.gov.in/drdo/sites/default/files/tot/OpwMCHEW7_05062024.pdf,D:\DEFENCE_RAG\data\raw\india\DRDO\19f4fc13cd4d_OpwMCHEW7_05062024.pdf,D:\DEFENCE_RAG\data\extracted\india\DRDO\19f4fc13cd4d_OpwMCHEW7_05062024.txt,19f4fc13cd4d0bb9d8fab626755a402667a2e01c986d6644202ab2972cd16ece,33283,application/pdf,extracted
fed97397e58214ba,DRDO,india,fed97397e582_14_Description_of_Technology-MR_fluid_0,https://www.drdo.gov.in/drdo/sites/default/files/tot/14_Description_of_Technology-MR_fluid_0.docx,D:\DEFENCE_RAG\data\raw\india\DRDO\fed97397e582_14_Description_of_Technology-MR_fluid_0.docx,,fed97397e58214bad345c09f12c407f590c841c3a35f33741c6901abbd4c2aa2,232929,application/vnd.openxmlformats-officedocument.wordprocessingml.document,no_text
f7abccca06d3d848,DRDO,india,f7abccca06d3_50mmIR_Flare06092024_0,https://www.drdo.gov.in/drdo/sites/default/files/tot/50mmIR_Flare06092024_0.pdf,D:\DEFENCE_RAG\data\raw\india\DRDO\f7abccca06d3_50mmIR_Flare06092024_0.pdf,D:\DEFENCE_RAG\data\extracted\india\DRDO\f7abccca06d3_50mmIR_Flare06092024_0.txt,f7abccca06d3d848826b7d274982813a4945437022a9680a9b58ebdbd4c48098,79609,application/pdf,extracted
72350b22f40d822d,DRDO,india,72350b22f40d_One_Page_Writeup_for_TNSTAD_Final,https://www.drdo.gov.in/drdo/sites/default/files/tot/One_Page_Writeup_for_TNSTAD_Final.pdf,D:\DEFENCE_RAG\data\raw\india\DRDO\72350b22f40d_One_Page_Writeup_for_TNSTAD_Final.pdf,D:\DEFENCE_RAG\data\extracted\india\DRDO\72350b22f40d_One_Page_Writeup_for_TNSTAD_Final.txt,72350b22f40d822d219e62c846f06c7d0bc10c5e196a6ec329759a048b458d11,34590,application/pdf,extracted
51eea5bce0fc3c41,DRDO,india,51eea5bce0fc_CTCS31052024,https://www.drdo.gov.in/drdo/sites/default/files/tot/CTCS31052024.pdf,D:\DEFENCE_RAG\data\raw\india\DRDO\51eea5bce0fc_CTCS31052024.pdf,D:\DEFENCE_RAG\data\extracted\india\DRDO\51eea5bce0fc_CTCS31052024.txt,51eea5bce0fc3c41dc55f94cca44ab34ae87c3b45ca0f77ea842caeebf3ded7e,113437,application/pdf,extracted
8879fb340f2263b7,DRDO,india,8879fb340f22_ERASTi2000_06062024,https://www.drdo.gov.in/drdo/sites/default/files/tot/ERASTi2000_06062024.pdf,D:\DEFENCE_RAG\data\raw\india\DRDO\8879fb340f22_ERASTi2000_06062024.pdf,D:\DEFENCE_RAG\data\extracted\india\DRDO\8879fb340f22_ERASTi2000_06062024.txt,8879fb340f2263b719806dc7f96d570011595ea6c03421e964ea19454c090f36,33435,application/pdf,extracted
dd861d32c7cfba97,DRDO,india,dd861d32c7cf_NTOP06032024,https://www.drdo.gov.in/drdo/sites/default/files/tot/NTOP06032024.pdf,D:\DEFENCE_RAG\data\raw\india\DRDO\dd861d32c7cf_NTOP06032024.pdf,D:\DEFENCE_RAG\data\extracted\india\DRDO\dd861d32c7cf_NTOP06032024.txt,dd861d32c7cfba973a1ff008e0d590a78f9ca60c3fdd20f14af3571390ccd58d,70906,application/pdf,extracted
400ccffed46e42ac,DRDO,india,400ccffed46e_DRDO_Water_Testing_Kit_%2811_Parameters,https://www.drdo.gov.in/drdo/sites/default/files/tot/DRDO_Water_Testing_Kit_%2811_Parameters.pdf,D:\DEFENCE_RAG\data\raw\india\DRDO\400ccffed46e_DRDO_Water_Testing_Kit_%2811_Parameters.pdf,D:\DEFENCE_RAG\data\extracted\india\DRDO\400ccffed46e_DRDO_Water_Testing_Kit_%2811_Parameters.txt,400ccffed46e42acb0e196cd7495e50cb49859a5494a3850ca446d5e3fbe3850,122104,application/pdf,extracted
5a5b8cde645ffadd,DRDO,india,5a5b8cde645f_HAPO_Chamber03122025,https://www.drdo.gov.in/drdo/sites/default/files/tot/HAPO_Chamber03122025.pdf,D:\DEFENCE_RAG\data\raw\india\DRDO\5a5b8cde645f_HAPO_Chamber03122025.pdf,,5a5b8cde645ffaddd4e9fc8e6c9922e97dec3a8c4240d43d6aa618648ddaea93,397437,application/pdf,no_text
6a2f96fe9fc22e18,DRDO,india,6a2f96fe9fc2_CommonAircrewHelmet,https://www.drdo.gov.in/drdo/sites/default/files/tot/CommonAircrewHelmet.pdf,D:\DEFENCE_RAG\data\raw\india\DRDO\6a2f96fe9fc2_CommonAircrewHelmet.pdf,D:\DEFENCE_RAG\data\extracted\india\DRDO\6a2f96fe9fc2_CommonAircrewHelmet.txt,6a2f96fe9fc22e185c518bc61c476e4f8d8d8d53474c96854075bf3061aa72eb,57349,application/pdf,extracted
3c40d8b350c89e44,DRDO,india,3c40d8b350c8_PyroCartridgePC025DQ,https://www.drdo.gov.in/drdo/sites/default/files/tot/PyroCartridgePC025DQ.pdf,D:\DEFENCE_RAG\data\raw\india\DRDO\3c40d8b350c8_PyroCartridgePC025DQ.pdf,D:\DEFENCE_RAG\data\extracted\india\DRDO\3c40d8b350c8_PyroCartridgePC025DQ.txt,3c40d8b350c89e44ebcee90f456cc2b3604effbfd71902301a9cbd5578742131,251774,application/pdf,extracted
fbe7108f843943bd,DRDO,india,fbe7108f8439_OPWVPfBS24042024,https://www.drdo.gov.in/drdo/sites/default/files/tot/OPWVPfBS24042024.pdf,D:\DEFENCE_RAG\data\raw\india\DRDO\fbe7108f8439_OPWVPfBS24042024.pdf,D:\DEFENCE_RAG\data\extracted\india\DRDO\fbe7108f8439_OPWVPfBS24042024.txt,fbe7108f843943bdcea2718ee79dbbdb1fecc44bfdda4ec4a54fad12ac190956,32390,application/pdf,extracted
d8f11fc8a93bbf40,DRDO,india,d8f11fc8a93b_FIRE_SUPPRESSING_GEL_0,https://www.drdo.gov.in/drdo/sites/default/files/tot/FIRE_SUPPRESSING_GEL_0.pdf,D:\DEFENCE_RAG\data\raw\india\DRDO\d8f11fc8a93b_FIRE_SUPPRESSING_GEL_0.pdf,D:\DEFENCE_RAG\data\extracted\india\DRDO\d8f11fc8a93b_FIRE_SUPPRESSING_GEL_0.txt,d8f11fc8a93bbf404404a13f216a32116f2bfa6f81a1ce6b7854e2ca0fb6fb3f,1706617,application/pdf,extracted
f9baf4941b1c3981,DRDO,india,f9baf4941b1c_WriteupESADbasedFuzeMDC,https://www.drdo.gov.in/drdo/sites/default/files/tot/WriteupESADbasedFuzeMDC.pdf,D:\DEFENCE_RAG\data\raw\india\DRDO\f9baf4941b1c_WriteupESADbasedFuzeMDC.pdf,D:\DEFENCE_RAG\data\extracted\india\DRDO\f9baf4941b1c_WriteupESADbasedFuzeMDC.txt,f9baf4941b1c398180f561e4a80c4a58897d8d58c7f16e3fc5ec8c90ec13f9ed,116401,application/pdf,extracted
38a64391c74681de,DRDO,india,38a64391c746_6_HRIDAYAMRIT_0,https://www.drdo.gov.in/drdo/sites/default/files/tot/6_HRIDAYAMRIT_0.docx,D:\DEFENCE_RAG\data\raw\india\DRDO\38a64391c746_6_HRIDAYAMRIT_0.docx,,38a64391c74681de23d0847054ef827bcd9b0f4d3df54af6afa2287367e76de9,102720,application/vnd.openxmlformats-officedocument.wordprocessingml.document,no_text
cf285e37eb7d9148,DRDO,india,cf285e37eb7d_PinakaMKIRocketSystem21032025_0,https://www.drdo.gov.in/drdo/sites/default/files/tot/PinakaMKIRocketSystem21032025_0.pdf,D:\DEFENCE_RAG\data\raw\india\DRDO\cf285e37eb7d_PinakaMKIRocketSystem21032025_0.pdf,D:\DEFENCE_RAG\data\extracted\india\DRDO\cf285e37eb7d_PinakaMKIRocketSystem21032025_0.txt,cf285e37eb7d9148338ac0c5a941cb284b3cbf732816a96d653b11aa76032382,76321,application/pdf,extracted
71736a1054af6bfd,DRDO,india,71736a1054af_NT-Anticorrosive_and_Antifouling_Paint_for_application_under_Immersed_Condition_0,https://www.drdo.gov.in/drdo/sites/default/files/tot/NT-Anticorrosive_and_Antifouling_Paint_for_application_under_Immersed_Condition_0.pdf,D:\DEFENCE_RAG\data\raw\india\DRDO\71736a1054af_NT-Anticorrosive_and_Antifouling_Paint_for_application_under_Immersed_Condition_0.pdf,D:\DEFENCE_RAG\data\extracted\india\DRDO\71736a1054af_NT-Anticorrosive_and_Antifouling_Paint_for_application_under_Immersed_Condition_0.txt,71736a1054af6bfdc1126f96921e04d23af3a2fe82dd21b13ae64840cb081314,758103,application/pdf,extracted
6a06839706e94ca0,DRDO,india,6a06839706e9_EoIUVLiDARSystem,https://www.drdo.gov.in/drdo/sites/default/files/tot/EoIUVLiDARSystem.pdf,D:\DEFENCE_RAG\data\raw\india\DRDO\6a06839706e9_EoIUVLiDARSystem.pdf,D:\DEFENCE_RAG\data\extracted\india\DRDO\6a06839706e9_EoIUVLiDARSystem.txt,6a06839706e94ca0f34274d1b768a03e7b73520234f6a1ddb58d1c35ea0af72d,209515,application/pdf,extracted
160a4a26f094856e,DRDO,india,160a4a26f094_Filling_of_Warhead_SAM_Final,https://www.drdo.gov.in/drdo/sites/default/files/tot/Filling_of_Warhead_SAM_Final.pdf,D:\DEFENCE_RAG\data\raw\india\DRDO\160a4a26f094_Filling_of_Warhead_SAM_Final.pdf,D:\DEFENCE_RAG\data\extracted\india\DRDO\160a4a26f094_Filling_of_Warhead_SAM_Final.txt,160a4a26f094856e83f4b0e9652a8a8832254e2261bee8da1edee765dea12f58,11864,application/pdf,extracted
1cf8b0a7383cecf5,DRDO,india,1cf8b0a7383c_OPW40m46mHaH10042024,https://www.drdo.gov.in/drdo/sites/default/files/tot/OPW40m46mHaH10042024.pdf,D:\DEFENCE_RAG\data\raw\india\DRDO\1cf8b0a7383c_OPW40m46mHaH10042024.pdf,D:\DEFENCE_RAG\data\extracted\india\DRDO\1cf8b0a7383c_OPW40m46mHaH10042024.txt,1cf8b0a7383cecf5cdb0318a9f05886636f9db1127731e755669495ed00ca731,74464,application/pdf,extracted
f76987e0b064326e,DRDO,india,f76987e0b064_NMR_ICCP_MKII_11052023,https://www.drdo.gov.in/drdo/sites/default/files/tot/NMR_ICCP_MKII_11052023.pdf,D:\DEFENCE_RAG\data\raw\india\DRDO\f76987e0b064_NMR_ICCP_MKII_11052023.pdf,D:\DEFENCE_RAG\data\extracted\india\DRDO\f76987e0b064_NMR_ICCP_MKII_11052023.txt,f76987e0b064326eeb280f29e349a74b2cd9eab6adac7173662c725a2a02a168,95014,application/pdf,extracted
8915a900b6b82dbb,DRDO,india,8915a900b6b8_116-6CIR-8,https://www.drdo.gov.in/drdo/sites/default/files/tot/116-6CIR-8.pdf,D:\DEFENCE_RAG\data\raw\india\DRDO\8915a900b6b8_116-6CIR-8.pdf,D:\DEFENCE_RAG\data\extracted\india\DRDO\8915a900b6b8_116-6CIR-8.txt,8915a900b6b82dbba532bd7f3c58d2956441c23e0e5cf357c923f7a9260e9a6b,1230943,application/pdf,extracted
9827ac7676195bd0,DRDO,india,9827ac767619_Small_Animal_Irradiation_Platform,https://www.drdo.gov.in/drdo/sites/default/files/tot/Small_Animal_Irradiation_Platform.pdf,D:\DEFENCE_RAG\data\raw\india\DRDO\9827ac767619_Small_Animal_Irradiation_Platform.pdf,D:\DEFENCE_RAG\data\extracted\india\DRDO\9827ac767619_Small_Animal_Irradiation_Platform.txt,9827ac7676195bd0345a719737617eeb0818b884e7fe901dc51111d096bb28ad,26378,application/pdf,extracted
500149f09717937b,DRDO,india,500149f09717_Nuclear_Shielding_Pads_for_Combat_vehicles,https://www.drdo.gov.in/drdo/sites/default/files/tot/Nuclear_Shielding_Pads_for_Combat_vehicles.pdf,D:\DEFENCE_RAG\data\raw\india\DRDO\500149f09717_Nuclear_Shielding_Pads_for_Combat_vehicles.pdf,D:\DEFENCE_RAG\data\extracted\india\DRDO\500149f09717_Nuclear_Shielding_Pads_for_Combat_vehicles.txt,500149f09717937b29d0a02b5467b2f09579b5a9c50f0346b679701a38fb1042,136246,application/pdf,extracted
eff0479983ed37dd,DRDO,india,eff0479983ed_Product_information_of_MLCE_0_0,https://www.drdo.gov.in/drdo/sites/default/files/tot/Product_information_of_MLCE_0_0.pdf,D:\DEFENCE_RAG\data\raw\india\DRDO\eff0479983ed_Product_information_of_MLCE_0_0.pdf,D:\DEFENCE_RAG\data\extracted\india\DRDO\eff0479983ed_Product_information_of_MLCE_0_0.txt,eff0479983ed37dd54be71eedfd9dc246a5162f3435b3f0eb43815b10e575f21,128787,application/pdf,extracted
ee8f5226e5ed676d,DRDO,india,ee8f5226e5ed_NBC_Casualty_Bag_%28Full%29,https://www.drdo.gov.in/drdo/sites/default/files/tot/NBC_Casualty_Bag_%28Full%29.pdf,D:\DEFENCE_RAG\data\raw\india\DRDO\ee8f5226e5ed_NBC_Casualty_Bag_%28Full%29.pdf,D:\DEFENCE_RAG\data\extracted\india\DRDO\ee8f5226e5ed_NBC_Casualty_Bag_%28Full%29.txt,ee8f5226e5ed676daef3541d3503c822953ca3fe807037f289c6788aa19ffcf1,230683,application/pdf,extracted
2bd1fde1ec9420d0,DRDO,india,2bd1fde1ec94_DIP-Gfit_0,https://www.drdo.gov.in/drdo/sites/default/files/tot/DIP-Gfit_0.docx,D:\DEFENCE_RAG\data\raw\india\DRDO\2bd1fde1ec94_DIP-Gfit_0.docx,,2bd1fde1ec9420d01f9c866350bb7007a0a1ba88d1b751fedc59da0c4bc9ac04,119709,application/vnd.openxmlformats-officedocument.wordprocessingml.document,no_text
499d04117bd7ac0e,DRDO,india,499d04117bd7_ONBoardType1_11072025,https://www.drdo.gov.in/drdo/sites/default/files/tot/ONBoardType1_11072025.pdf,D:\DEFENCE_RAG\data\raw\india\DRDO\499d04117bd7_ONBoardType1_11072025.pdf,D:\DEFENCE_RAG\data\extracted\india\DRDO\499d04117bd7_ONBoardType1_11072025.txt,499d04117bd7ac0e00aa9acf19ad2faac5132fedcfc2d37a8e1e118210527c92,74073,application/pdf,extracted
48f4aa54e69a3daf,DRDO,india,48f4aa54e69a_120mm_Anti-Tank_Application,https://www.drdo.gov.in/drdo/sites/default/files/tot/120mm_Anti-Tank_Application.pdf,D:\DEFENCE_RAG\data\raw\india\DRDO\48f4aa54e69a_120mm_Anti-Tank_Application.pdf,D:\DEFENCE_RAG\data\extracted\india\DRDO\48f4aa54e69a_120mm_Anti-Tank_Application.txt,48f4aa54e69a3dafdc78e4e2f805cb0bb9c1bc5790b25b2a84408ab9555ec907,24138,application/pdf,extracted
02454b3d246e2113,DRDO,india,02454b3d246e_EoIforWTK_MKII_09082024_0,https://www.drdo.gov.in/drdo/sites/default/files/tot/EoIforWTK_MKII_09082024_0.pdf,D:\DEFENCE_RAG\data\raw\india\DRDO\02454b3d246e_EoIforWTK_MKII_09082024_0.pdf,D:\DEFENCE_RAG\data\extracted\india\DRDO\02454b3d246e_EoIforWTK_MKII_09082024_0.txt,02454b3d246e21130faa03c74d0f6cfbf30fe4dcacb1e27b813c98a404a2103e,1924324,application/pdf,extracted
c688a10352032791,DRDO,india,c688a1035203_40mmHEAPGrenande18112023,https://www.drdo.gov.in/drdo/sites/default/files/tot/40mmHEAPGrenande18112023.pdf,D:\DEFENCE_RAG\data\raw\india\DRDO\c688a1035203_40mmHEAPGrenande18112023.pdf,D:\DEFENCE_RAG\data\extracted\india\DRDO\c688a1035203_40mmHEAPGrenande18112023.txt,c688a103520327918dc04f76385fde4b63aa5a840419405e454c0c83b8994acf,246372,application/pdf,extracted
50b8660fc318ff66,DRDO,india,50b8660fc318_66-3CIR-2CAT-A_CAIR_SEE%20%282%29,https://www.drdo.gov.in/drdo/sites/default/files/tot/66-3CIR-2CAT-A_CAIR_SEE%20%282%29.pdf,D:\DEFENCE_RAG\data\raw\india\DRDO\50b8660fc318_66-3CIR-2CAT-A_CAIR_SEE%20%282%29.pdf,D:\DEFENCE_RAG\data\extracted\india\DRDO\50b8660fc318_66-3CIR-2CAT-A_CAIR_SEE%20%282%29.txt,50b8660fc318ff66d6cccdc782fff21229637cc2d852d4e863b8e863f239c8ab,121287,application/pdf,extracted
7e44cd528ab60b06,DRDO,india,7e44cd528ab6_TOT_for_Propellant_Igniter_and_Small_Explosives_of_Dual_Pulse_Propulsion,https://www.drdo.gov.in/drdo/sites/default/files/tot/TOT_for_Propellant_Igniter_and_Small_Explosives_of_Dual_Pulse_Propulsion.pdf,D:\DEFENCE_RAG\data\raw\india\DRDO\7e44cd528ab6_TOT_for_Propellant_Igniter_and_Small_Explosives_of_Dual_Pulse_Propulsion.pdf,D:\DEFENCE_RAG\data\extracted\india\DRDO\7e44cd528ab6_TOT_for_Propellant_Igniter_and_Small_Explosives_of_Dual_Pulse_Propulsion.txt,7e44cd528ab60b0617f3e81cb9d389c34e3eb652de550978dcfe4c719556308d,23575,application/pdf,extracted
a465445f671695c2,DRDO,india,a465445f6716_3_PCM_Heat_pack_0,https://www.drdo.gov.in/drdo/sites/default/files/tot/3_PCM_Heat_pack_0.docx,D:\DEFENCE_RAG\data\raw\india\DRDO\a465445f6716_3_PCM_Heat_pack_0.docx,,a465445f671695c20831066e30341a8cd00f7c7adee6359732c2454723f5ff21,305669,application/vnd.openxmlformats-officedocument.wordprocessingml.document,no_text
32b6fc017a05375e,DRDO,india,32b6fc017a05_DMR_249A_billet10072026,https://www.drdo.gov.in/drdo/sites/default/files/tot/DMR_249A_billet10072026.pdf,D:\DEFENCE_RAG\data\raw\india\DRDO\32b6fc017a05_DMR_249A_billet10072026.pdf,D:\DEFENCE_RAG\data\extracted\india\DRDO\32b6fc017a05_DMR_249A_billet10072026.txt,32b6fc017a05375e157259ef7268213add0fd8e566c241f8d37dad13ef6083dc,353104,application/pdf,extracted
5ec0c10b41d9ddb2,DRDO,india,5ec0c10b41d9_LowPressTwinFluidWaterMistTech21082025,https://www.drdo.gov.in/drdo/sites/default/files/tot/LowPressTwinFluidWaterMistTech21082025.pdf,D:\DEFENCE_RAG\data\raw\india\DRDO\5ec0c10b41d9_LowPressTwinFluidWaterMistTech21082025.pdf,D:\DEFENCE_RAG\data\extracted\india\DRDO\5ec0c10b41d9_LowPressTwinFluidWaterMistTech21082025.txt,5ec0c10b41d9ddb2fda4f5297719a7fc1e839434b62effcc91a66f04804640e2,262715,application/pdf,extracted
7db1f2e1c94ae3a3,DRDO,india,7db1f2e1c94a_TCNDA18092025,https://www.drdo.gov.in/drdo/sites/default/files/tot/TCNDA18092025.pdf,D:\DEFENCE_RAG\data\raw\india\DRDO\7db1f2e1c94a_TCNDA18092025.pdf,D:\DEFENCE_RAG\data\extracted\india\DRDO\7db1f2e1c94a_TCNDA18092025.txt,7db1f2e1c94ae3a3b5f7af181c487dcde17bd20304d4c8198670504e5d98d40e,284577,application/pdf,extracted
0768a7608cf7e6b3,DRDO,india,0768a7608cf7_EoI_ALTD29022024,https://www.drdo.gov.in/drdo/sites/default/files/tot/EoI_ALTD29022024.pdf,D:\DEFENCE_RAG\data\raw\india\DRDO\0768a7608cf7_EoI_ALTD29022024.pdf,,0768a7608cf7e6b397494c1e7b0531494bc7bef8d2a086884adb657bdf02fa05,206293,application/pdf,no_text
7135627a1cb96e8a,DRDO,india,7135627a1cb9_WriteUpFineBetaHMX_FineRDX,https://www.drdo.gov.in/drdo/sites/default/files/tot/WriteUpFineBetaHMX_FineRDX.pdf,D:\DEFENCE_RAG\data\raw\india\DRDO\7135627a1cb9_WriteUpFineBetaHMX_FineRDX.pdf,D:\DEFENCE_RAG\data\extracted\india\DRDO\7135627a1cb9_WriteUpFineBetaHMX_FineRDX.txt,7135627a1cb96e8aea2d6e033ed680637350986d563c9093b68ddb85ae1cb407,514456,application/pdf,extracted
bc58b27b46c86d07,DRDO,india,bc58b27b46c8_OPW400msDCPC04122025,https://www.drdo.gov.in/drdo/sites/default/files/tot/OPW400msDCPC04122025.pdf,D:\DEFENCE_RAG\data\raw\india\DRDO\bc58b27b46c8_OPW400msDCPC04122025.pdf,D:\DEFENCE_RAG\data\extracted\india\DRDO\bc58b27b46c8_OPW400msDCPC04122025.txt,bc58b27b46c86d0792cb745ba596f015029a7a97c227d16dacaa1c29f72f5e54,284917,application/pdf,extracted
d95b4b5c4e1772d9,DRDO,india,d95b4b5c4e17_wet-end-eoi,https://www.drdo.gov.in/drdo/sites/default/files/tot/wet-end-eoi.pdf,D:\DEFENCE_RAG\data\raw\india\DRDO\d95b4b5c4e17_wet-end-eoi.pdf,D:\DEFENCE_RAG\data\extracted\india\DRDO\d95b4b5c4e17_wet-end-eoi.txt,d95b4b5c4e1772d96f8113dfeaefe9dcf8feba4aa8880d6764cf8e2d7d0d890b,302720,application/pdf,extracted
44fc9bcc95d60f23,DRDO,india,44fc9bcc95d6_StructuralFireSuit03032026,https://www.drdo.gov.in/drdo/sites/default/files/tot/StructuralFireSuit03032026.pdf,D:\DEFENCE_RAG\data\raw\india\DRDO\44fc9bcc95d6_StructuralFireSuit03032026.pdf,D:\DEFENCE_RAG\data\extracted\india\DRDO\44fc9bcc95d6_StructuralFireSuit03032026.txt,44fc9bcc95d60f2368266d31350c798880692d6d535008a8be30358c364e59b2,262946,application/pdf,extracted
7c842c2bf34aeb46,DRDO,india,7c842c2bf34a_ParachuteSystemforAntiTankMineletATMforPINAKA23042026,https://www.drdo.gov.in/drdo/sites/default/files/tot/ParachuteSystemforAntiTankMineletATMforPINAKA23042026.pdf,D:\DEFENCE_RAG\data\raw\india\DRDO\7c842c2bf34a_ParachuteSystemforAntiTankMineletATMforPINAKA23042026.pdf,D:\DEFENCE_RAG\data\extracted\india\DRDO\7c842c2bf34a_ParachuteSystemforAntiTankMineletATMforPINAKA23042026.txt,7c842c2bf34aeb46e9307f844ba1081b1358d21fc61c81fc4925dd8254d8e321,289026,application/pdf,extracted
d3c588d00f6956c6,DRDO,india,d3c588d00f69_26mmIR_Flare_0,https://www.drdo.gov.in/drdo/sites/default/files/tot/26mmIR_Flare_0.pdf,D:\DEFENCE_RAG\data\raw\india\DRDO\d3c588d00f69_26mmIR_Flare_0.pdf,D:\DEFENCE_RAG\data\extracted\india\DRDO\d3c588d00f69_26mmIR_Flare_0.txt,d3c588d00f6956c6120781b512282a808bb85e41ab2a4c56c5d54d0db9154110,79780,application/pdf,extracted
f257adcd033649c9,DRDO,india,f257adcd0336_HbPHEC_PBXP202_20092024_0,https://www.drdo.gov.in/drdo/sites/default/files/tot/HbPHEC_PBXP202_20092024_0.pdf,D:\DEFENCE_RAG\data\raw\india\DRDO\f257adcd0336_HbPHEC_PBXP202_20092024_0.pdf,D:\DEFENCE_RAG\data\extracted\india\DRDO\f257adcd0336_HbPHEC_PBXP202_20092024_0.txt,f257adcd033649c921c1a505645f89f0b8fab0253367e33d5f28d0ff8e5d0c59,52222,application/pdf,extracted
9cd0c83939fb6580,DRDO,india,9cd0c83939fb_4_DRDO_easy_Detect_NPT_0,https://www.drdo.gov.in/drdo/sites/default/files/tot/4_DRDO_easy_Detect_NPT_0.doc,D:\DEFENCE_RAG\data\raw\india\DRDO\9cd0c83939fb_4_DRDO_easy_Detect_NPT_0.doc,,9cd0c83939fb6580db4781be3365124369085fadd1e4461754ed3e8c20bf0476,4070912,application/msword,no_text
14d5c4908e1ae8e7,DRDO,india,14d5c4908e1a_air-defence,https://www.drdo.gov.in/drdo/sites/default/files/tot/air-defence.pdf,D:\DEFENCE_RAG\data\raw\india\DRDO\14d5c4908e1a_air-defence.pdf,D:\DEFENCE_RAG\data\extracted\india\DRDO\14d5c4908e1a_air-defence.txt,14d5c4908e1ae8e7c8fa835473bc54fe99e03ceb9aa1b998792b637cb71e840d,640558,application/pdf,extracted
5997a3b65aed2093,DRDO,india,5997a3b65aed_ISDM_PS1,https://www.drdo.gov.in/drdo/sites/default/files/tot/ISDM_PS1.pdf,D:\DEFENCE_RAG\data\raw\india\DRDO\5997a3b65aed_ISDM_PS1.pdf,D:\DEFENCE_RAG\data\extracted\india\DRDO\5997a3b65aed_ISDM_PS1.txt,5997a3b65aed2093c9789b51816140765b0677603fb900311ab27dbbd88567e2,369212,application/pdf,extracted
7872cbdc07316419,DRDO,india,7872cbdc0731_MCHEW1_18072023,https://www.drdo.gov.in/drdo/sites/default/files/tot/MCHEW1_18072023.pdf,D:\DEFENCE_RAG\data\raw\india\DRDO\7872cbdc0731_MCHEW1_18072023.pdf,D:\DEFENCE_RAG\data\extracted\india\DRDO\7872cbdc0731_MCHEW1_18072023.txt,7872cbdc07316419f2faa657faf2cb21cbecd4b35a99f70b649deb8889986796,200588,application/pdf,extracted
bafc16bcda2abce7,DRDO,india,bafc16bcda2a_XBT_NG22082024_0,https://www.drdo.gov.in/drdo/sites/default/files/tot/XBT_NG22082024_0.pdf,D:\DEFENCE_RAG\data\raw\india\DRDO\bafc16bcda2a_XBT_NG22082024_0.pdf,D:\DEFENCE_RAG\data\extracted\india\DRDO\bafc16bcda2a_XBT_NG22082024_0.txt,bafc16bcda2abce75c38e37ffc96b4e5604002fc6dd4f7f07ceea9abf0784b29,562250,application/pdf,extracted
76408f1f4b10d3a4,DRDO,india,76408f1f4b10_MCPS_20022025,https://www.drdo.gov.in/drdo/sites/default/files/tot/MCPS_20022025.pdf,D:\DEFENCE_RAG\data\raw\india\DRDO\76408f1f4b10_MCPS_20022025.pdf,D:\DEFENCE_RAG\data\extracted\india\DRDO\76408f1f4b10_MCPS_20022025.txt,76408f1f4b10d3a4c81fbc78b668bd56d95ebca422ab8122a183dea503a2f9dc,337080,application/pdf,extracted
05c44385bf12f3dc,DRDO,india,05c44385bf12_117-6CIR-9,https://www.drdo.gov.in/drdo/sites/default/files/tot/117-6CIR-9.pdf,D:\DEFENCE_RAG\data\raw\india\DRDO\05c44385bf12_117-6CIR-9.pdf,D:\DEFENCE_RAG\data\extracted\india\DRDO\05c44385bf12_117-6CIR-9.txt,05c44385bf12f3dceb412c7d2a0ace0e2e35e72774b1671fd7541c6f914a7ad4,1265530,application/pdf,extracted
466f2549513800cf,DRDO,india,466f25495138_CAT-B-NT-Self_Cleaning_Coating_0,https://www.drdo.gov.in/drdo/sites/default/files/tot/CAT-B-NT-Self_Cleaning_Coating_0.pdf,D:\DEFENCE_RAG\data\raw\india\DRDO\466f25495138_CAT-B-NT-Self_Cleaning_Coating_0.pdf,D:\DEFENCE_RAG\data\extracted\india\DRDO\466f25495138_CAT-B-NT-Self_Cleaning_Coating_0.txt,466f2549513800cfe4276c4e35c9ee77f1531b8938cc42a47c805f215bf8ace9,940995,application/pdf,extracted
6921913ac750a568,DRDO,india,6921913ac750_Light_Weight_Integrated_AircrewHelmet,https://www.drdo.gov.in/drdo/sites/default/files/tot/Light_Weight_Integrated_AircrewHelmet.pdf,D:\DEFENCE_RAG\data\raw\india\DRDO\6921913ac750_Light_Weight_Integrated_AircrewHelmet.pdf,D:\DEFENCE_RAG\data\extracted\india\DRDO\6921913ac750_Light_Weight_Integrated_AircrewHelmet.txt,6921913ac750a5686cc87db09e44e5f8437c19511188e7333756ac35945851a0,81963,application/pdf,extracted
f0bdb51da529f252,DRDO,india,f0bdb51da529_BreathingApparatusOPW11032026,https://www.drdo.gov.in/drdo/sites/default/files/tot/BreathingApparatusOPW11032026.pdf,D:\DEFENCE_RAG\data\raw\india\DRDO\f0bdb51da529_BreathingApparatusOPW11032026.pdf,D:\DEFENCE_RAG\data\extracted\india\DRDO\f0bdb51da529_BreathingApparatusOPW11032026.txt,f0bdb51da529f2520684d911362364969b3f66cd2aaca4c56ec90aa804278ab7,255570,application/pdf,extracted
a3300129005a77df,DRDO,india,a3300129005a_advtRAC11082026,https://www.drdo.gov.in/drdo/sites/default/files/vacancy/advtRAC11082026.pdf,D:\DEFENCE_RAG\data\raw\india\DRDO\a3300129005a_advtRAC11082026.pdf,D:\DEFENCE_RAG\data\extracted\india\DRDO\a3300129005a_advtRAC11082026.txt,a3300129005a77dfd28d40529320026bbb7222ced287959f32daf42ffbf70485,510480,application/pdf,extracted
31d5037efe76f443,DRDO,india,31d5037efe76_technology_brief,https://www.drdo.gov.in/drdo/sites/default/files/tot/technology_brief.pdf,D:\DEFENCE_RAG\data\raw\india\DRDO\31d5037efe76_technology_brief.pdf,D:\DEFENCE_RAG\data\extracted\india\DRDO\31d5037efe76_technology_brief.txt,31d5037efe76f443e1b446b3296eec44aac0dfe663d01e9b11c159dd34d09198,115940,application/pdf,extracted
95d405c3e78b35cd,DRDO,india,95d405c3e78b_LIGHT_WEIGHT_FIRE_PROTECTIVE_SUIT_0,https://www.drdo.gov.in/drdo/sites/default/files/tot/LIGHT_WEIGHT_FIRE_PROTECTIVE_SUIT_0.docx,D:\DEFENCE_RAG\data\raw\india\DRDO\95d405c3e78b_LIGHT_WEIGHT_FIRE_PROTECTIVE_SUIT_0.docx,,95d405c3e78b35cda9a0d0460615020606cbcba62157fd7649b5c359bf01dd4e,242219,application/vnd.openxmlformats-officedocument.wordprocessingml.document,no_text
9b509b9e29f9d430,DRDO,india,9b509b9e29f9_Preparation_of_DBX-1_0,https://www.drdo.gov.in/drdo/sites/default/files/tot/Preparation_of_DBX-1_0.pdf,D:\DEFENCE_RAG\data\raw\india\DRDO\9b509b9e29f9_Preparation_of_DBX-1_0.pdf,D:\DEFENCE_RAG\data\extracted\india\DRDO\9b509b9e29f9_Preparation_of_DBX-1_0.txt,9b509b9e29f9d430c0d7e7d01c3d7995043c46d4e38f917c88787dc93e928736,433877,application/pdf,extracted
84dff20e3132d310,DRDO,india,84dff20e3132_OPW_AIFDSS22052026,https://www.drdo.gov.in/drdo/sites/default/files/tot/OPW_AIFDSS22052026.pdf,D:\DEFENCE_RAG\data\raw\india\DRDO\84dff20e3132_OPW_AIFDSS22052026.pdf,D:\DEFENCE_RAG\data\extracted\india\DRDO\84dff20e3132_OPW_AIFDSS22052026.txt,84dff20e3132d310e4120d0b97ac60a830af9bad064b018729aac5c41929233e,343484,application/pdf,extracted
060b13e69fa60f9d,DRDO,india,060b13e69fa6_ParachuteSystemforDirectionalSonobouy23042026,https://www.drdo.gov.in/drdo/sites/default/files/tot/ParachuteSystemforDirectionalSonobouy23042026.pdf,D:\DEFENCE_RAG\data\raw\india\DRDO\060b13e69fa6_ParachuteSystemforDirectionalSonobouy23042026.pdf,D:\DEFENCE_RAG\data\extracted\india\DRDO\060b13e69fa6_ParachuteSystemforDirectionalSonobouy23042026.txt,060b13e69fa60f9dfe2a5a294d47246ea62cd4e82242c4c414ab51df2af42f24,771602,application/pdf,extracted
5ad9db08962d132a,DRDO,india,5ad9db08962d_PyroCartridgePC110DQ,https://www.drdo.gov.in/drdo/sites/default/files/tot/PyroCartridgePC110DQ.pdf,D:\DEFENCE_RAG\data\raw\india\DRDO\5ad9db08962d_PyroCartridgePC110DQ.pdf,D:\DEFENCE_RAG\data\extracted\india\DRDO\5ad9db08962d_PyroCartridgePC110DQ.txt,5ad9db08962d132a7e36e4ac10f52136c01f5cff9d4325460096203f5932f119,251580,application/pdf,extracted
176c60d8ea8a503a,DRDO,india,176c60d8ea8a_HEMCENE02062023_0,https://www.drdo.gov.in/drdo/sites/default/files/tot/HEMCENE02062023_0.pdf,D:\DEFENCE_RAG\data\raw\india\DRDO\176c60d8ea8a_HEMCENE02062023_0.pdf,D:\DEFENCE_RAG\data\extracted\india\DRDO\176c60d8ea8a_HEMCENE02062023_0.txt,176c60d8ea8a503a0f747805491ae6dc7f7752e1c6c5fc1027b78c3e57f3c315,370940,application/pdf,extracted
d0ec351c0bd36ddc,DRDO,india,d0ec351c0bd3_OnBoardType2_11072025,https://www.drdo.gov.in/drdo/sites/default/files/tot/OnBoardType2_11072025.pdf,D:\DEFENCE_RAG\data\raw\india\DRDO\d0ec351c0bd3_OnBoardType2_11072025.pdf,D:\DEFENCE_RAG\data\extracted\india\DRDO\d0ec351c0bd3_OnBoardType2_11072025.txt,d0ec351c0bd36ddc078e06a657c5c0ec2673453e204bd23919d8f9f9cc650c60,74045,application/pdf,extracted
c05be4ca965e2f3f,DRDO,india,c05be4ca965e_SROV02072025,https://www.drdo.gov.in/drdo/sites/default/files/tot/SROV02072025.pdf,D:\DEFENCE_RAG\data\raw\india\DRDO\c05be4ca965e_SROV02072025.pdf,D:\DEFENCE_RAG\data\extracted\india\DRDO\c05be4ca965e_SROV02072025.txt,c05be4ca965e2f3fa4c61fd10076d4e81caf1677734f684f8d8b2c412d283875,246900,application/pdf,extracted
ce6569180c79e767,DRDO,india,ce6569180c79_continuous_wave_single_mode_high_power_fiber_laser,https://www.drdo.gov.in/drdo/sites/default/files/tot/continuous_wave_single_mode_high_power_fiber_laser.pdf,D:\DEFENCE_RAG\data\raw\india\DRDO\ce6569180c79_continuous_wave_single_mode_high_power_fiber_laser.pdf,,ce6569180c79e7670a782a07db3ad5cc3c864990bc220c481e9766ac069d6719,944509,application/pdf,no_text
2aa50ec39006af66,DRDO,india,2aa50ec39006_Tasty_nuts_bar,https://www.drdo.gov.in/drdo/sites/default/files/tot/Tasty_nuts_bar.pdf,D:\DEFENCE_RAG\data\raw\india\DRDO\2aa50ec39006_Tasty_nuts_bar.pdf,D:\DEFENCE_RAG\data\extracted\india\DRDO\2aa50ec39006_Tasty_nuts_bar.txt,2aa50ec39006af66426397a49830fa9912f380d6800ee0efcce23b8d69e786f2,423782,application/pdf,extracted
0fe2510db8aafd7d,DRDO,india,0fe2510db8aa_EoIforGbandCCTWT26032025,https://www.drdo.gov.in/drdo/sites/default/files/tot/EoIforGbandCCTWT26032025.pdf,D:\DEFENCE_RAG\data\raw\india\DRDO\0fe2510db8aa_EoIforGbandCCTWT26032025.pdf,D:\DEFENCE_RAG\data\extracted\india\DRDO\0fe2510db8aa_EoIforGbandCCTWT26032025.txt,0fe2510db8aafd7d10dc3721018541d0446165595110a3829c7aa5ab4f004915,214568,application/pdf,extracted
00d1213573283c5d,DRDO,india,00d121357328_MPA_TI330_28092023,https://www.drdo.gov.in/drdo/sites/default/files/tot/MPA_TI330_28092023.pdf,D:\DEFENCE_RAG\data\raw\india\DRDO\00d121357328_MPA_TI330_28092023.pdf,D:\DEFENCE_RAG\data\extracted\india\DRDO\00d121357328_MPA_TI330_28092023.txt,00d1213573283c5d2150bd3883e0c3c03f6bb08d362e127c64aea6936e771977,13721,application/pdf,extracted
d828332848e76b4c,DRDO,india,d828332848e7_EmbossCanisterAssembly_07082025,https://www.drdo.gov.in/drdo/sites/default/files/tot/EmbossCanisterAssembly_07082025.pdf,D:\DEFENCE_RAG\data\raw\india\DRDO\d828332848e7_EmbossCanisterAssembly_07082025.pdf,D:\DEFENCE_RAG\data\extracted\india\DRDO\d828332848e7_EmbossCanisterAssembly_07082025.txt,d828332848e76b4cc0d8ff17c50712f724a544cc4c12668ceab333e15391dd30,198800,application/pdf,extracted
d75c1e4ba642f38e,DRDO,india,d75c1e4ba642_OPW_CSS_0,https://www.drdo.gov.in/drdo/sites/default/files/tot/OPW_CSS_0.pdf,D:\DEFENCE_RAG\data\raw\india\DRDO\d75c1e4ba642_OPW_CSS_0.pdf,D:\DEFENCE_RAG\data\extracted\india\DRDO\d75c1e4ba642_OPW_CSS_0.txt,d75c1e4ba642f38e53392e2162f216c993047876a9a95a3cf8765c85e03086f0,60457,application/pdf,extracted
ba9a1f7751d7f8f4,DRDO,india,ba9a1f7751d7_UMC2P15HPMCP_0,https://www.drdo.gov.in/drdo/sites/default/files/tot/UMC2P15HPMCP_0.pdf,D:\DEFENCE_RAG\data\raw\india\DRDO\ba9a1f7751d7_UMC2P15HPMCP_0.pdf,D:\DEFENCE_RAG\data\extracted\india\DRDO\ba9a1f7751d7_UMC2P15HPMCP_0.txt,ba9a1f7751d7f8f45550a577a0eb3187e7a63605cd7dcdb23e5a310e5bef2a06,465312,application/pdf,extracted
2af029372c923dd5,DRDO,india,2af029372c92_46-2CIR-3_____________Write-up_GLOVES_ECW,https://www.drdo.gov.in/drdo/sites/default/files/tot/46-2CIR-3_____________Write-up_GLOVES_ECW.pdf,D:\DEFENCE_RAG\data\raw\india\DRDO\2af029372c92_46-2CIR-3_____________Write-up_GLOVES_ECW.pdf,D:\DEFENCE_RAG\data\extracted\india\DRDO\2af029372c92_46-2CIR-3_____________Write-up_GLOVES_ECW.txt,2af029372c923dd52546bf4b23e2bd3df3045cd59e5d72b9bbc089abde2b7ad7,99911,application/pdf,extracted
48920f9e150a958e,DRDO,india,48920f9e150a_Dearsenification_Unit_%28Capacity_200_LHr,https://www.drdo.gov.in/drdo/sites/default/files/tot/Dearsenification_Unit_%28Capacity_200_LHr.pdf,D:\DEFENCE_RAG\data\raw\india\DRDO\48920f9e150a_Dearsenification_Unit_%28Capacity_200_LHr.pdf,D:\DEFENCE_RAG\data\extracted\india\DRDO\48920f9e150a_Dearsenification_Unit_%28Capacity_200_LHr.txt,48920f9e150a958ec918ca47bb15931607415d646225b2238f6d49423ba4be91,53031,application/pdf,extracted
32a911331d3fcba7,DRDO,india,32a911331d3f_24_lossy_dielectric_ceramics_0,https://www.drdo.gov.in/drdo/sites/default/files/tot/24_lossy_dielectric_ceramics_0.docx,D:\DEFENCE_RAG\data\raw\india\DRDO\32a911331d3f_24_lossy_dielectric_ceramics_0.docx,,32a911331d3fcba71669014489cc11251240e76c87c0668c0a6ac6cf8aeaaa70,16280,application/vnd.openxmlformats-officedocument.wordprocessingml.document,no_text
134c19c8bd0bd740,DRDO,india,134c19c8bd0b_NMR_SHS11052023,https://www.drdo.gov.in/drdo/sites/default/files/tot/NMR_SHS11052023.pdf,D:\DEFENCE_RAG\data\raw\india\DRDO\134c19c8bd0b_NMR_SHS11052023.pdf,D:\DEFENCE_RAG\data\extracted\india\DRDO\134c19c8bd0b_NMR_SHS11052023.txt,134c19c8bd0bd740b71ca123acd90e9d146cb151a4e66c6226eed6262eff9273,132412,application/pdf,extracted
f5c17865eb418d7f,DRDO,india,f5c17865eb41_Write_up_water_bottle,https://www.drdo.gov.in/drdo/sites/default/files/tot/Write_up_water_bottle.pdf,D:\DEFENCE_RAG\data\raw\india\DRDO\f5c17865eb41_Write_up_water_bottle.pdf,D:\DEFENCE_RAG\data\extracted\india\DRDO\f5c17865eb41_Write_up_water_bottle.txt,f5c17865eb418d7fd0f67cb0b695e099078fbd8a1ac11c9cc8c7fc6d15bf64d3,93057,application/pdf,extracted
b4007cb0a14bd2eb,DRDO,india,b4007cb0a14b_GuidelinesforinformationseekersHindiEng_0,https://www.drdo.gov.in/drdo/sites/default/files/Basic-PDF/GuidelinesforinformationseekersHindiEng_0.pdf,D:\DEFENCE_RAG\data\raw\india\DRDO\b4007cb0a14b_GuidelinesforinformationseekersHindiEng_0.pdf,,b4007cb0a14bd2ebc5d6cb37380c9e9a4a4e7fe9d2d34f0bdd0e9ccfab206966,791333,application/pdf,no_text
a5b4dcfb08e437b9,DRDO,india,a5b4dcfb08e4_CFCAPfALH05022024,https://www.drdo.gov.in/drdo/sites/default/files/tot/CFCAPfALH05022024.pdf,D:\DEFENCE_RAG\data\raw\india\DRDO\a5b4dcfb08e4_CFCAPfALH05022024.pdf,D:\DEFENCE_RAG\data\extracted\india\DRDO\a5b4dcfb08e4_CFCAPfALH05022024.txt,a5b4dcfb08e437b9a8a341e976ae77c25b675fb828303a81f3b535c3ab1c23bd,492061,application/pdf,extracted
1988c6c496026572,DRDO,india,1988c6c49602_CAMOPwriteup28092023,https://www.drdo.gov.in/drdo/sites/default/files/tot/CAMOPwriteup28092023.pdf,D:\DEFENCE_RAG\data\raw\india\DRDO\1988c6c49602_CAMOPwriteup28092023.pdf,D:\DEFENCE_RAG\data\extracted\india\DRDO\1988c6c49602_CAMOPwriteup28092023.txt,1988c6c496026572460702ba27a2b93666567c5f6c483f7de2670e445ce9c9ce,197602,application/pdf,extracted
0e2c6398694caaff,DRDO,india,0e2c6398694c_atv,https://www.drdo.gov.in/drdo/sites/default/files/tot/atv.pdf,D:\DEFENCE_RAG\data\raw\india\DRDO\0e2c6398694c_atv.pdf,D:\DEFENCE_RAG\data\extracted\india\DRDO\0e2c6398694c_atv.txt,0e2c6398694caaff5cefd5360406921127c711d29b6b5bb114e1a98cef3e9d53,74687,application/pdf,extracted
386e0d84aebd1b7f,DRDO,india,386e0d84aebd_FCHPSS2OPW12032025,https://www.drdo.gov.in/drdo/sites/default/files/tot/FCHPSS2OPW12032025.pdf,D:\DEFENCE_RAG\data\raw\india\DRDO\386e0d84aebd_FCHPSS2OPW12032025.pdf,D:\DEFENCE_RAG\data\extracted\india\DRDO\386e0d84aebd_FCHPSS2OPW12032025.txt,386e0d84aebd1b7f7962c37fd5e69a1e61161f868e13901c36a9787a89c4699c,159122,application/pdf,extracted
494e5be1ea5a8b74,DRDO,india,494e5be1ea5a_Ambulance_Bike-Rakshita,https://www.drdo.gov.in/drdo/sites/default/files/tot/Ambulance_Bike-Rakshita.pdf,D:\DEFENCE_RAG\data\raw\india\DRDO\494e5be1ea5a_Ambulance_Bike-Rakshita.pdf,D:\DEFENCE_RAG\data\extracted\india\DRDO\494e5be1ea5a_Ambulance_Bike-Rakshita.txt,494e5be1ea5a8b745744ae74a2ccfa3757220fd9e9f360533801896e8111723c,28497,application/pdf,extracted
eaf5693e958d8851,DRDO,india,eaf5693e958d_ThejamAcceleometerThejamII02042026,https://www.drdo.gov.in/drdo/sites/default/files/tot/ThejamAcceleometerThejamII02042026.pdf,D:\DEFENCE_RAG\data\raw\india\DRDO\eaf5693e958d_ThejamAcceleometerThejamII02042026.pdf,D:\DEFENCE_RAG\data\extracted\india\DRDO\eaf5693e958d_ThejamAcceleometerThejamII02042026.txt,eaf5693e958d8851dfa6c42d8e0682b549889f770c38608c74cdc9a8e6513893,163352,application/pdf,extracted
